"自治体コード","行番号","都道府県名","市区町村名","営業施設名称、屋号又は商号","営業施設名称、屋号又は商号（フリガナ）","営業の種類","業態","営業施設所在地","営業施設方書","緯度","経度","営業施設電話番号","法人名","法人番号","法人住所","許可番号","初回許可年月日","許可年月日","許可開始日","許可満了日","廃業年月日","申請区分","許可条件","備考"
"007203","fBiz00000105670000000001","福島県","郡山市","つばさ保育園","ツバサホイクエン","㉖ 集団給食施設","保育園","福島県郡山市桑野四丁目5番地の９","",37.409079,140.354820,"024-935-5048","株式会社セアリアス","7380001026719","福島県郡山市桑野４丁目５番地の９","","","","","","","届出","",""
"007203","fBiz00000107420000000224","福島県","郡山市","株式会社九州屋　ピポット郡山店","カブシキガイシャキュウシュウヤ　ピポットコオリヤマテン","⑦ 野菜果物販売業","","福島県郡山市燧田195","郡山食品館ピポット１F",37.398400,140.389324,"024-927-1171","株式会社九州屋","4010101000976","東京都八王子市越野24-1","","","","","","","届出","",""
"007203","fBiz00000108070000000003","福島県","郡山市","ココカラ開成","ココカラカイセイ","㉖ 集団給食施設","小規模保育施設","福島県郡山市開成四丁目9-17","あさか102",37.390548,140.355434,"024-926-0774","株式会社ピーエイケア","2380001025254","福島県郡山市開成４丁目９番１７号","","","","","","","届出","",""
"007203","fBiz00000108070000000005","福島県","郡山市","ココカラ安積","ココカラアサカ","㉖ 集団給食施設","小規模保育施設","福島県郡山市八作内65-2","",37.376866,140.385955,"024-983-5105","株式会社ピーエイケア","2380001025254","福島県郡山市開成４丁目９番１７号","","","","","","","届出","",""
"007203","fBiz00000108070000000007","福島県","郡山市","ココカラ虎丸","ココカラトラマル","㉖ 集団給食施設","小規模保育施設","福島県郡山市虎丸町8-2","",37.398289,140.372975,"024-953-7727","株式会社ピーエイケア","2380001025254","福島県郡山市開成４丁目９番１７号","","","","","","","届出","",""
"007203","fBiz00000115920000000082","福島県","郡山市","カルディコーヒーファーム　エスパル郡山店","カルディコーヒーファーム　エスパルコオリヤマテン","⑬ その他の食料・飲料販売業","小売業","福島県郡山市字燧田195","エスパル郡山2Ｆ",37.398400,140.389324,"024-927-0203","株式会社キャメル珈琲","6010901003292","東京都世田谷区代田2-31-8","","","","","","","届出","",""
"007203","fBiz00000118550000000020","福島県","郡山市","","","㉖ 集団給食施設","","","","","","","","","","","","","","","","届出","",""
"007203","fBiz00000124720000000003","福島県","郡山市","Lereve","ルレーヴ","⑬ その他の食料・飲料販売業","小売業","福島県郡山市燧田195","郡山駅エキナカおみやげ館1F",37.398400,140.389324,"024-926-0039","株式会社岡昇","0380001004205","福島県福島市荒井字横塚3-271","","","","","","","届出","",""
"007203","fBiz00000127560000000001","福島県","郡山市","お米のきくた屋","オコメノキクタヤ","⑧ 米穀類販売業","","福島県郡山市富久山町久保田字田池１３－１","",37.412349,140.378214,"","有限会社喜久田屋","6380002008790","福島県郡山市喜久田町堀之内字千杯田１６番地の４","","","","","","","届出","",""
"007203","fBiz00000129180000000410","福島県","郡山市","ダイソー　イオンタウン郡山店","ダイソー　イオンタウンコオリヤマテン","⑬ その他の食料・飲料販売業","小売業","福島県郡山市松木町２番８８号","イオンタウン郡山店内",37.390844,140.390414,"","株式会社大創産業","7240001022681","広島県東広島市西条吉行東一丁目４番１４号","","","","","","","届出","",""
"007203","fBiz00000131350000000002","福島県","郡山市","東北甲陵株式会社","トウホクコウリョウカブシキガイシャ","㉗ 器具、容器包装の製造・加工業（合成樹脂が使用された器具又は容器包装の製造、加工に限る。）","","福島県郡山市田村町田母神字柿ノ木66","",37.314425,140.535737,"","東北甲陵株式会社","6030001064465","福島県郡山市田村町田母神字柿木66","","","","","","","届出","",""
"007203","fBiz00000131720000000048","福島県","郡山市","ニチイキッズ八山田西保育園","ニチイキッズヤツヤマダニシホイクエン","㉖ 集団給食施設","","福島県郡山市八山田西２丁目１４６番地","",37.430220,140.360442,"0249257766","株式会社ニチイ学館","3010001025868","東京都千代田区神田駿河台4丁目6番地","","","","","","","届出","",""
"007203","fBiz00000131720000000055","福島県","郡山市","ニチイキッズ郡山あさか保育園","ニチイキッズコオリヤマアサカホイクエン","㉖ 集団給食施設","","福島県郡山市安積町長久保３丁目15-2","",37.357866,140.359615,"024-937-0222","株式会社ニチイ学館","3010001025868","東京都千代田区神田駿河台4丁目6番地","","","","","","","届出","",""
"007203","fBiz00000139140000000168","福島県","郡山市","宇佐美４９号郡山インタースタンド　屋内休憩所","ウサミヨンジュウキュウゴウコオリヤマインタースタンド　オクナイキュウケイジョ","⑤ コップ式自動販売機（自動洗浄・屋内設置）","","福島県郡山市富田町字愛宕前77-2","",37.425163,140.343467,"0249663555","ナショナル・ベンディング株式会社","4010401021342","東京都品川区上大崎１丁目１５－２２","","","","","","","届出","",""
"007203","fBiz00000139140000000212","福島県","郡山市","東北タツミ","トウホクタツミ","⑤ コップ式自動販売機（自動洗浄・屋内設置）","","福島県郡山市安積3-174-1","",37.355312,140.366310,"024-947-1131","ナショナル・ベンディング株式会社","4010401021342","東京都品川区上大崎１丁目１５－２２","","","","","","","届出","",""
"007203","fBiz00000139140000000226","福島県","郡山市","うすい百貨店6Fベビー休憩室","ウスイヒャッカテンロクエフベビーキュウケイシツ","③ 乳類販売業","","福島県郡山市中町13-1","",37.396585,140.384288,"","ナショナル・ベンディング株式会社","4010401021342","東京都品川区上大崎１丁目１５－２２","","","","","","","届出","",""
"007203","fBiz00000139140000001031","福島県","郡山市","幸楽苑本社","コウラクエンホンシャ","⑤ コップ式自動販売機（自動洗浄・屋内設置）","","福島県郡山市田村町上行合字北川田２－１","",37.372043,140.397415,"0249410237","ナショナル・ベンディング株式会社","4010401021342","東京都品川区上大崎１丁目１５－２２","","","","","","","届出","",""
"007203","fBiz00000139870000000114","福島県","郡山市","快活CLUB　FiT24　郡山安積店","カイカツクラブコオリヤマアサカ","⑫ 自動販売機による販売業（コップ式自動販売機（自動洗浄・屋内設置）及び営業許可の対象となる自動販売機を除く）","","福島県郡山市安積荒井本町485","",37.366919,140.366929,"","株式会社ドクターズ・マン","5010401058417","神奈川県横浜市青葉区美しが丘2-14-5","","","","","","","届出","",""
"007203","fBiz00000141890000000022","福島県","郡山市","ダイナム福島郡山東店","ダイナムフクシマコオリヤマヒガシテン","⑤ コップ式自動販売機（自動洗浄・屋内設置）","","福島県郡山市富久山町久保田字宮田4-1","ホール内",37.409900,140.397544,"070-1455-5861","株式会社日本ヒュウマップ","4011501008097","東京都荒川区西日暮里5丁目15番7","","","","","","","届出","",""
"007203","fBiz00000141890000000061","福島県","郡山市","ダイナム信頼の森福島郡山店","ダイナムシンライノモリフクシマコオリヤマテン","⑤ コップ式自動販売機（自動洗浄・屋内設置）","","福島県郡山市喜久田町卸一丁目9番地5","",37.443171,140.338412,"070-1455-9030","株式会社日本ヒュウマップ","4011501008097","東京都荒川区西日暮里5丁目15番7","","","","","","","届出","",""
"007203","fBiz00000142260000000249","福島県","郡山市","ヨークベニマル郡山島店","ヨークベニマルコオリヤマシマテン","⑪ 百貨店、総合スーパー","","福島県郡山市島二丁目48番1号","",37.398233,140.349312,"","株式会社ヨークベニマル","7380001006893","福島県郡山市谷島町5番42号","","","","","","","届出","",""
"007203","fBiz00000142260000000250","福島県","郡山市","ヨークベニマル台新店","ヨークベニマルダイシンテン","⑪ 百貨店、総合スーパー","","福島県郡山市台新一丁目30番9号","",37.392102,140.343236,"","株式会社ヨークベニマル","7380001006893","福島県郡山市谷島町5番42号","","","","","","","届出","",""
"007203","fBiz00000142260000000252","福島県","郡山市","ヨークベニマル日和田店","ヨークベニマルヒワダテン","⑪ 百貨店、総合スーパー","","福島県郡山市日和田町字前田19番地1","",37.446811,140.385260,"024-968-1121","株式会社ヨークベニマル","7380001006893","福島県郡山市谷島町5番42号","","","","","","","届出","",""
"007203","fBiz00000142260000000253","福島県","郡山市","ヨークベニマル富久山店","ヨークベニマルフクヤマテン","⑪ 百貨店、総合スーパー","","福島県郡山市富久山町久保田字上野136番地1号","",37.412228,140.387249,"024-923-6581","株式会社ヨークベニマル","7380001006893","福島県郡山市谷島町5番42号","","","","","","","届出","",""
"007203","fBiz00000142260000000255","福島県","郡山市","ヨークベニマルコスモス通り店","ヨークベニマルコスモスドオリテン","⑪ 百貨店、総合スーパー","","福島県郡山市御前南六丁目3番地","",37.386462,140.332130,"024-962-4911","株式会社ヨークベニマル","7380001006893","福島県郡山市谷島町5番42号","","","","","","","届出","",""
"007203","fBiz00000142260000000256","福島県","郡山市","ヨークベニマル八山田店","ヨークベニマルヤツヤマダテン","⑪ 百貨店、総合スーパー","","福島県郡山市八山田西一丁目58番地","",37.427347,140.361732,"024-991-8801","株式会社ヨークベニマル","7380001006893","福島県郡山市谷島町5番42号","","","","","","","届出","",""
"007203","fBiz00000142260000000258","福島県","郡山市","ヨークベニマル大槻店","ヨークベニマルオオツキテン","⑪ 百貨店、総合スーパー","","福島県郡山市大槻町字土瓜37番地1","",37.401601,140.327306,"024-962-1760","株式会社ヨークベニマル","7380001006893","福島県郡山市谷島町5番42号","","","","","","","届出","",""
"007203","fBiz00000142260000000260","福島県","郡山市","ヨークベニマル荒井店","ヨークベニマルアライテン","⑪ 百貨店、総合スーパー","","福島県郡山市安積荒井一丁目151番地","",37.369520,140.354703,"024-937-1149","株式会社ヨークベニマル","7380001006893","福島県郡山市谷島町5番42号","","","","","","","届出","",""
"007203","fBiz00000142260000000261","福島県","郡山市","ヨークベニマル横塚店","ヨークベニマルヨコヅカテン","⑪ 百貨店、総合スーパー","","福島県郡山市横塚二丁目12番32号","",37.398611,140.398928,"024-941-8415","株式会社ヨークベニマル","7380001006893","福島県郡山市谷島町5番42号","","","","","","","届出","",""
"007203","fBiz00000142260000000350","福島県","郡山市","ヨークベニマル片平店","ヨークベニマルカタヒラテン","⑪ 百貨店、総合スーパー","","福島県郡山市中ノ目一丁目16番地","",37.419211,140.333213,"","株式会社ヨークベニマル","7380001006893","福島県郡山市谷島町5番42号","","","","","","","届出","",""
"007203","fBiz00000142260000000351","福島県","郡山市","ヨークベニマル小原田店","ヨークベニマルコハラダテン","⑪ 百貨店、総合スーパー","","福島県郡山市小原田五丁目11番11号","",37.377842,140.379339,"","株式会社ヨークベニマル","7380001006893","福島県郡山市谷島町5番42号","","","","","","","届出","",""
"007203","fBiz00000142260000000352","福島県","郡山市","ヨークベニマル希望ヶ丘店","ヨークベニマルキボウガオカテン","⑪ 百貨店、総合スーパー","","福島県郡山市大槻町字菅田5番地","",37.406533,140.336910,"024-951-4911","株式会社ヨークベニマル","7380001006893","福島県郡山市谷島町5番42号","","","","","","","届出","",""
"007203","fBiz00000142260000000354","福島県","郡山市","ヨークベニマル金屋店","ヨークベニマルカナヤテン","⑪ 百貨店、総合スーパー","","福島県郡山市田村町上行合字辰ノ尾13番地の1","",37.367001,140.394126,"024-941-5211","株式会社ヨークベニマル","7380001006893","福島県郡山市谷島町5番42号","","","","","","","届出","",""
"007203","fBiz00000142260000000360","福島県","郡山市","ヨークベニマル方八町店","ヨークベニマルホウハッチョウテン","⑪ 百貨店、総合スーパー","","福島県郡山市方八町一丁目12番3号","",37.390406,140.393457,"024-941-3751","株式会社ヨークベニマル","7380001006893","福島県郡山市谷島町5番42号","","","","","","","届出","",""
"007203","fBiz00000145090000000049","福島県","郡山市","ジョイフル郡山鶴見担店","ジョイフルコオリヤマツルミダンテン","② 食肉販売業（包装済みの食肉のみの販売）","","福島県郡山市鶴見坦2丁目15-1","",37.393065,140.364028,"0249270351","株式会社ジョイフル北日本","4320001014533","大分県大分市三川新町1丁目1番45号","","","","","","","届出","",""
"007203","fBiz00000146310000001328","福島県","郡山市","スターバックスコーヒー郡山コスモス通り店","スターバックスコーヒーコオリヤマコスモスドオリテン","⑬ その他の食料・飲料販売業","喫茶店","福島県郡山市堤2-41","",37.396692,140.335927,"024-962-9357","スターバックスコーヒージャパン株式会社","7011001031943","東京都品川区上大崎2-25-2","","","","","","","届出","",""
"007203","fBiz00000146310000001341","福島県","郡山市","スターバックスコーヒー郡山安積店","スターバックスコーヒーコオリヤマアサカテン","⑬ その他の食料・飲料販売業","喫茶店","福島県郡山市安積町荒井字南千保8-2","",37.369312,140.370666,"024-937-1855","スターバックスコーヒージャパン株式会社","7011001031943","東京都品川区上大崎2-25-2","","","","","","","届出","",""
"007203","fBiz00000146310000001355","福島県","郡山市","スターバックスコーヒー郡山モルティ店","スターバックスコーヒーコオリヤマモルティテン","⑬ その他の食料・飲料販売業","喫茶店","福島県郡山市駅前2-11-1","ビッグアイ2階",37.400030,140.388275,"024-921-4556","スターバックスコーヒージャパン株式会社","7011001031943","東京都品川区上大崎2-25-2","","","","","","","届出","",""
"007203","fBiz00000146310000001370","福島県","郡山市","スターバックスコーヒー郡山駅店","スターバックスコーヒーコオリヤマエキテン","⑬ その他の食料・飲料販売業","喫茶店","福島県郡山市燧田195","郡山エキナカ1階",37.398400,140.389324,"024-927-5770","スターバックスコーヒージャパン株式会社","7011001031943","東京都品川区上大崎2-25-2","","","","","","","届出","",""
"007203","fBiz00000146310000001543","福島県","郡山市","スターバックスコーヒー郡山並木店","スターバックスコーヒーコオリヤマナミキテン","⑬ その他の食料・飲料販売業","喫茶店","福島県郡山市並木1-12-17","",37.410132,140.361853,"024-973-6433","スターバックスコーヒージャパン株式会社","7011001031943","東京都品川区上大崎2-25-2","","","","","","","届出","",""
"007203","fBiz00000149710000000067","福島県","郡山市","ジュピター　ピボット郡山店","ジュピター　ピボットコオリヤマテン","⑪ 百貨店、総合スーパー","小売店","福島県郡山市燧田195","JR郡山駅食品館ピボット内",37.398400,140.389324,"","","","","","","","","","","届出","",""
"007203","fBiz00000150970000000118","福島県","郡山市","","","⑪ 百貨店、総合スーパー","","","","","","","","","","","","","","","","届出","",""
"007203","fBiz00000150970000000119","福島県","郡山市","","","⑪ 百貨店、総合スーパー","","","","","","","","","","","","","","","","届出","",""
"007203","fBiz00000150970000000122","福島県","郡山市","","","⑪ 百貨店、総合スーパー","","","","","","","","","","","","","","","","届出","",""
"007203","fBiz00000150970000000124","福島県","郡山市","","","⑪ 百貨店、総合スーパー","","","","","","","","","","","","","","","","届出","",""
"007203","fBiz00000150970000000126","福島県","郡山市","","","⑪ 百貨店、総合スーパー","","","","","","","","","","","","","","","","届出","",""
"007203","fBiz00000153630000000096","福島県","郡山市","郡山大槻営業所","コオリヤマオオツキエイギョウショ","㉖ 集団給食施設","集団給食施設(デイサービス)","福島県郡山市大槻町南反田３－１","",37.393068,140.326606,"024-962-7301","株式会社ツクイ","1020001136162","神奈川県横浜市港南区上大岡西1丁目6番1号","","","","","","","届出","",""
"007203","fBiz00000153630000000262","福島県","郡山市","郡山安積営業所","コオリヤマアサカエイギョウショ","㉖ 集団給食施設","集団給食施設(デイサービス)","福島県郡山市安積北井二丁目１９３番地","",37.373441,140.362586,"024-937-1617","株式会社ツクイ","1020001136162","神奈川県横浜市港南区上大岡西1丁目6番1号","","","","","","","届出","",""
"007203","fBiz00000158170000000050","福島県","郡山市","かっぱ寿司郡山亀田店","カッパズシコオリヤマカメダテン","① 飲食店営業","寿司屋","福島県郡山市字下亀田22-1","",37.407436,140.348223,"024-921-0665","カッパ・クリエイト株式会社","7030001001979","神奈川県横浜市西区みなとみらい2-2-1ランドマークタワー12階","1-339",2023/01/24,2023/01/24,2023/01/24,2030/05/31,"","許可","",""
"007203","fBiz00000158170000000050","福島県","郡山市","かっぱ寿司郡山亀田店","カッパズシコオリヤマカメダテン","⑬ その他の食料・飲料販売業","","福島県郡山市下亀田22-1","",37.407577,140.347780,"024-921-0665","カッパ・クリエイト株式会社","7030001001979","神奈川県横浜市西区みなとみらい2-2-1ランドマークタワー12階","","","","","","","届出","",""
"007203","fBiz00000158170000000281","福島県","郡山市","かっぱ寿司郡山南店","カッパズシコオリヤマミナミテン","① 飲食店営業","寿司屋","福島県郡山市南1丁目51","",37.375641,140.374341,"024-927-8722","カッパ・クリエイト株式会社","7030001001979","神奈川県横浜市西区みなとみらい2-2-1ランドマークタワー12階","1-337",2023/01/24,2023/01/24,2023/01/24,2030/09/30,"","許可","",""
"007203","fBiz00000158170000000281","福島県","郡山市","かっぱ寿司郡山南店","カッパズシコオリヤマミナミテン","⑬ その他の食料・飲料販売業","","福島県郡山市南1丁目51","",37.375635,140.374346,"024-927-8722","カッパ・クリエイト株式会社","7030001001979","神奈川県横浜市西区みなとみらい2-2-1ランドマークタワー12階","","","","","","","届出","",""
"007203","fBiz00000158170000000313","福島県","郡山市","かっぱ寿司　郡山駅東ショッピングセンター店","カッパズシ　コオリヤマエキヒガシショッピングセンターテン","① 飲食店営業","寿司屋","福島県郡山市向河原町4-60","",37.401665,140.395820,"024-941-3266","カッパ・クリエイト株式会社","7030001001979","神奈川県横浜市西区みなとみらい2-2-1ランドマークタワー12階","1-338",2023/01/23,2023/01/23,2023/01/23,2030/02/28,"","許可","",""
"007203","fBiz00000158170000000313","福島県","郡山市","かっぱ寿司　郡山駅東ショッピングセンター店","カッパズシ　コオリヤマエキヒガシショッピングセンターテン","⑬ その他の食料・飲料販売業","","福島県郡山市向河原町4-60","",37.401667,140.395854,"024-941-3266","カッパ・クリエイト株式会社","7030001001979","神奈川県横浜市西区みなとみらい2-2-1ランドマークタワー12階","","","","","","","届出","",""
"007203","fBiz00000160070000000004","福島県","郡山市","ステラおばさんのクッキー　郡山エスパル","ステラオバサンノクッキー　コオリヤマエスパル","⑬ その他の食料・飲料販売業","","福島県郡山市燧田195","エスパル郡山本館",37.398400,140.389324,"0249397660","株式会社アントステラ","6011001062997","東京都港区白金台五丁目２２番１２号","","","","","","","届出","",""
"007203","fBiz00000168620000000248","福島県","郡山市","ホテル華の湯","ホテルハナノユ","⑫ 自動販売機による販売業（コップ式自動販売機（自動洗浄・屋内設置）及び営業許可の対象となる自動販売機を除く）","","福島県郡山市熱海町熱海5丁目8-60","",37.490799,140.258515,"024-984-2222","ハーゲンダッツジャパン株式会社","1010401023721","東京都目黒区上目黒２丁目１番１号","","","","","","","届出","",""
"007203","fBiz00000171700000000013","福島県","郡山市","フルーツショップ青木　本店","フルーツショップアオキ　ホンテン","⑦ 野菜果物販売業","","福島県郡山市八山田５丁目405","",37.429118,140.377380,"024-932-0190","株式会社青木商店","2380002007326","福島県郡山市八山田五丁目405番地","","","","","","","届出","",""
"007203","fBiz00000171700000000014","福島県","郡山市","フルーツショップ青木　郡山コスモス通り店","フルーツショップアオキ　コオリヤマコスモスドオリテン","⑦ 野菜果物販売業","","福島県郡山市堤3丁目174-1","",37.395733,140.332293,"024-953-8232","株式会社青木商店","2380002007326","福島県郡山市八山田五丁目405番地","","","","","","","届出","",""
"007203","fBiz00000172720000000001","福島県","郡山市","福島県米穀肥料協同組合","フクシマケンベイコクヒリョウキョウドウクミアイ","⑧ 米穀類販売業","米穀取扱事業者（広域米穀集出荷団体）","福島県郡山市本町１丁目１番１７号","",37.393627,140.382322,"024-953-8061","福島県米穀肥料協同組合","2380005003818","福島県郡山市本町１丁目１番１７号","","","","","","","届出","",""
"007203","fBiz00000176480000000001","福島県","郡山市","有限会社佐藤喜久夫商店","ユウゲンガイシャサトウキクオショウテン","⑧ 米穀類販売業","米穀取扱事業","福島県郡山市三穂田町富岡字光西寺75","",37.352368,140.275709,"0249542622","有限会社佐藤喜久夫商店","2380002009818","福島県郡山市三穂田町富岡字光西寺７５番地","","","","","","","届出","",""
"007203","fBiz00000176990000000007","福島県","郡山市","","","③ 乳類販売業","","","","","","","","","","","","","","","","届出","",""
"007203","fBiz00000176990000000007","福島県","郡山市","","","⑩ コンビニエンスストア","","","","","","","","","","","","","","","","届出","",""
"007203","fBiz00000176990000000007","福島県","郡山市","","","㉕ 行商","","","","","","","","","","","","","","","","届出","",""
"007203","fBiz00000188420000000002","福島県","郡山市","ケヤキッズかなや保育園","ケヤキッズカナヤホイクエン","㉖ 集団給食施設","保育所","福島県郡山市田村町上行合辰ノ尾13-1","",37.366815,140.394543,"0249839980","株式会社ケヤキ福祉","3370001015825","宮城県仙台市太白区西中田3丁目13番の３２","","","","","","","届出","",""
"007203","fBiz00000188430000000010","福島県","郡山市","グラントマト　郡山喜久田店","グラントマト　コオリヤマキクタテン","⑬ その他の食料・飲料販売業","小売業","福島県郡山市喜久田町菖蒲池22番地484","",37.436929,140.338305,"0249591455","グラントマト株式会社","2380001011667","福島県須賀川市狸森字下竹ノ内9-5","","","","","","","届出","",""
"007203","fBiz00000192930000000052","福島県","郡山市","株式会社　薬王堂　郡山富久山店","カブシキガイシャ　ヤクオウドウ　コオリヤマフクヤマテン","⑬ その他の食料・飲料販売業","","福島県郡山市富久山町久保田字宮田10番地1","",37.409029,140.399700,"0249260685","株式会社薬王堂","9400001003829","岩手県紫波郡矢巾町医大通２丁目７番７号","","","","","","","届出","",""
"007203","fBiz00000192930000000086","福島県","郡山市","薬王堂　郡山堤店","ヤクオウドウ　コオリヤマツツミテン","⑬ その他の食料・飲料販売業","ドラッグストア","福島県郡山市大槻町字堤西24番地1","",37.396526,140.330710,"024-983-8662","株式会社薬王堂","9400001003829","岩手県紫波郡矢巾町医大通２丁目７番７号","","","","","","","届出","",""
"007203","fBiz00000192930000000156","福島県","郡山市","薬王堂　郡山安積店","ヤクオウドウ　コオリヤマアサカテン","⑬ その他の食料・飲料販売業","","福島県郡山市安積町4丁目55番地1","",37.354565,140.362983,"0249833560","株式会社薬王堂","9400001003829","岩手県紫波郡矢巾町医大通２丁目７番７号","","","","","","","届出","",""
"007203","fBiz00000193960000000068","福島県","郡山市","タイヘイ株式会社　郡山営業所","タイヘイカブシキカイシャ　コオリヤマエイギョウショ","⑬ その他の食料・飲料販売業","","福島県郡山市富田町字上ノ台60-4","",37.430109,140.343999,"024-962-7210","タイヘイ株式会社","9040001061120","千葉県匝瑳市八日市場イ2614","","","","","","","届出","",""
"007203","fBiz00000197440000000003","福島県","郡山市","","","⑬ その他の食料・飲料販売業","","","","","","","","","","","","","","","","届出","",""
"007203","fBiz00000197440000000005","福島県","郡山市","","","⑬ その他の食料・飲料販売業","","","","","","","","","","","","","","","","届出","",""
"007203","fBiz00000199180000000001","福島県","郡山市","株式会社山吉吉田商店","カブシキガイシャヤマヨシヨシダショウテン","⑧ 米穀類販売業","卸売","福島県郡山市田村町守山字殿町1-1","",37.331523,140.410702,"024-955-3141","株式会社山吉吉田商店","8380003003260","福島県郡山市田村町守山字殿町１番地の１","","","","","","","届出","",""
"007203","fBiz00000210890000000245","福島県","郡山市","もち吉　郡山安積店","モチキチ　コオリヤマアサカテン","⑬ その他の食料・飲料販売業","食品販売","福島県郡山市安積町荒井字雁股8-26","",37.375560,140.355693,"024-953-6561","","","","","","","","","","届出","",""
"007203","fBiz00000224690000000291","福島県","郡山市","ドン・キホーテ郡山駅東店","ドン・キホーテコオリヤマエキヒガシテン","⑪ 百貨店、総合スーパー","小売業","福島県郡山市向河原町4-40","",37.401872,140.394490,"024-941-2901","株式会社ドン・キホーテ","3011001096370","東京都目黒区青葉台二丁目１９番１０号","","","","","","","届出","",""
"007203","fBiz00000232090000000175","福島県","郡山市","イオン東北株式会社　イオン郡山フェスタ店","イオントウホクカブシキガイシャ　イオンコオリヤマフェスタテン","⑪ 百貨店、総合スーパー","","福島県郡山市日和田町字小原1","",37.444729,140.376253,"024-968-0100","イオン東北株式会社","5410001001901","秋田県秋田市土崎港北一丁目6番25号","","","","","","","届出","",""
"007203","fBiz00000237660000000021","福島県","郡山市","ファミリーマート郡山本町店","ファミリーマート　コオリヤマモトマチテン","⑩ コンビニエンスストア","","福島県郡山市本町1-5-114","",37.392184,140.382297,"0249274115","幸栄建設　株式会社","7390001009400","山形県東根市宮崎五丁目1番37号","","","","","","","届出","",""
"007203","fBiz00000237660000000022","福島県","郡山市","ファミリーマート郡山針生北店","ファミリーマート　コオリヤマハリュウキタテン","⑩ コンビニエンスストア","","福島県郡山市大槻町字針生北55-3","",37.386092,140.347074,"0249275078","幸栄建設　株式会社","7390001009400","山形県東根市宮崎五丁目1番37号","","","","","","","届出","",""
"007203","fBiz00000255640000000001","福島県","郡山市","ニュー・クイック郡山店","ニュークイックコオリヤマテン","⑪ 百貨店、総合スーパー","","福島県郡山市燧田195","郡山駅ビル ピボット店内",37.398400,140.389324,"024-931-4129","株式会社ニュー・クイック","2021001004358","東京都中央区日本橋馬喰町1-14-5日本橋Kビル９階","","","","","","","届出","",""
"007203","fBiz00000255640000000018","福島県","郡山市","クイック・デリ郡山店","クイック・デリコオリヤマテン","⑬ その他の食料・飲料販売業","","福島県郡山市字燧田195","郡山駅食品館ピボット内",37.398400,140.389324,"024-934-8820","株式会社ニュー・クイック","2021001004358","東京都中央区日本橋馬喰町1-14-5日本橋Kビル９階","","","","","","","届出","",""
"007203","fBiz00000272470000000125","福島県","郡山市","","","⑬ その他の食料・飲料販売業","コーヒーショップ","","","","","","","","","","","","","","","届出","",""
"007203","fBiz00000284770000000017","福島県","郡山市","業務スーパー八山田店","ギョウムスーパーヤツヤマダテン","⑪ 百貨店、総合スーパー","","福島県郡山市八山田西5-126","",37.427054,140.369476,"024-926-0284","株式会社オーシャンシステム","2110001013962","新潟県三条市西本成寺２丁目２６番５７号","","","","","","","届出","",""
"007203","fBiz00000287320000000510","福島県","郡山市","居楽屋　白木屋","イラクヤ　シロキヤ","① 飲食店営業","居酒屋","福島県郡山市駅前一丁目4番8号","　さとうやビル　地下1階2階",37.397814,140.385511,"024-921-5988","株式会社モンテローザフーズ","2011101077486","東京都新宿区歌舞伎町一丁目２１番１号","2-349",2024/02/13,2024/02/13,2024/03/01,2031/02/28,"","許可","",""
"007203","fBiz00000289460000000086","福島県","郡山市","むすんでひらいて　磐城守山店","ムスンデヒライテ　イワキモリヤマテン","① 飲食店営業","テナント","福島県郡山市田村町守山小性町148-１","クスリのアオキ磐城守山店内",37.335741,140.408976,"","株式会社むすんでひらいて","4290801015338","福岡県糟屋郡新宮町下府二丁目12番地24号","1-362",2024/02/28,2024/02/28,2024/02/28,2031/11/30,"","許可","",""
"007203","fBiz00000301920000000220","福島県","郡山市","ガスト 郡山八山田店","ガストコオリヤマヤツヤマダテン","⑬ その他の食料・飲料販売業","","福島県郡山市富田東３丁目１３１","",37.426247,140.365523,"024-991-9660","株式会社すかいらーくレストランツ","2012401030556","東京都武蔵野市西久保１丁目２５番８号","","","","","","","届出","",""
"007203","fBiz00000301920000001762","福島県","郡山市","ガスト 郡山コスモス通り店","ガストコオリヤマコスモスドオリテン","⑬ その他の食料・飲料販売業","","福島県郡山市堤３丁目１３１","",37.397959,140.333710,"024-962-0357","株式会社すかいらーくレストランツ","2012401030556","東京都武蔵野市西久保１丁目２５番８号","","","","","","","届出","",""
"007203","fBiz00000301920000002132","福島県","郡山市","しゃぶ葉　イオンタウン郡山","シャブヨウ　イオンタウンコオリヤマ","⑬ その他の食料・飲料販売業","","福島県郡山市松木町２－８８","",37.390963,140.389364,"024-941-0300","株式会社すかいらーくレストランツ","2012401030556","東京都武蔵野市西久保１丁目２５番８号","","","","","","","届出","",""
"007203","fBiz00000301920000002584","福島県","郡山市","バーミヤン 郡山桑野店","バーミヤンコオリヤマクワノテン","⑬ その他の食料・飲料販売業","","福島県郡山市桑野１丁目２１ー４","",37.399422,140.353410,"024-991-0261","株式会社すかいらーくレストランツ","2012401030556","東京都武蔵野市西久保１丁目２５番８号","","","","","","","届出","",""
"007203","fBiz00000301920000002648","福島県","郡山市","ガスト 郡山南店","ガストコオリヤマミナミテン","⑬ その他の食料・飲料販売業","","福島県郡山市南２丁目１４","",37.368916,140.371344,"024-937-2822","株式会社すかいらーくレストランツ","2012401030556","東京都武蔵野市西久保１丁目２５番８号","","","","","","","届出","",""
"007203","fBiz00000371880000000014","福島県","郡山市","菓匠将満　12月24日から1月10日まで","カショウマサミツ","⑬ その他の食料・飲料販売業","","福島県郡山市松木町2-88","イオンタウン郡山",37.390844,140.390414,"024-956-3911","株式会社J・SOUL","9180001123294","愛知県名古屋市中区丸の内3-17-24","","","","","","","届出","",""
"007203","fBiz00000371880000000025","福島県","郡山市","ハレイワハッピーマーケット","ハレイワハッピーマーケット","⑬ その他の食料・飲料販売業","","福島県郡山市松木町2-88","オンタウン郡山",37.390844,140.390414,"024-956-3911","株式会社J・SOUL","9180001123294","愛知県名古屋市中区丸の内3-17-24","","","","","","","届出","",""
"007203","fBiz00000371880000000034","福島県","郡山市","菓匠将満","カショウマサミツ","⑬ その他の食料・飲料販売業","","福島県郡山市長者1-1-56","ザ・モール郡山",37.397293,140.370283,"024-933-0100","株式会社J・SOUL","9180001123294","愛知県名古屋市中区丸の内3-17-24","","","","","","","届出","",""
"007203","fBiz00000431940000000133","福島県","郡山市","びっくりドンキー安積店","ビックリドンキーアサカテン","⑬ その他の食料・飲料販売業","レストラン","福島県郡山市安積２丁目１０５番地","",37.359666,140.366658,"024-937-1379","株式会社アレフ","9430001001078","北海道札幌市白石区菊水六条3丁目1番26号","","","","","","","届出","",""
"007203","fBiz00000431940000000134","福島県","郡山市","びっくりドンキー富久山店","ビックリドンキーフクヤマテン","⑬ その他の食料・飲料販売業","レストラン","福島県郡山市富久山町久保田上野１３７番地２","",37.411839,140.386475,"024-991-5401","株式会社アレフ","9430001001078","北海道札幌市白石区菊水六条3丁目1番26号","","","","","","","届出","",""
"007203","fBiz00000431940000000135","福島県","郡山市","びっくりドンキー桑野店","ビックリドンキークワノテン","⑬ その他の食料・飲料販売業","レストラン","福島県郡山市下亀田９番地３","",37.409173,140.350139,"024-927-1131","株式会社アレフ","9430001001078","北海道札幌市白石区菊水六条3丁目1番26号","","","","","","","届出","",""
"007203","fBiz00000436460000000322","福島県","郡山市","バラエティストアトライアル大槻店","バラエティストアトライアルオオツキテン","⑪ 百貨店、総合スーパー","スーパー","福島県郡山市大槻町西ノ宮西１００－１","",37.399634,140.324398,"024-952-0608","株式会社トライアルカンパニー","1290001009110","福岡県福岡市東区多の津一丁目12番2号","","","","","","","届出","",""
"007203","fBiz00000436460000000323","福島県","郡山市","バラエティストアトライアル郡山富田店","バラエティストアトライアルコオリヤマトミタテン","⑪ 百貨店、総合スーパー","スーパー","福島県郡山市備前舘１丁目１４","",37.415621,140.362677,"024-991-7050","株式会社トライアルカンパニー","1290001009110","福岡県福岡市東区多の津一丁目12番2号","","","","","","","届出","",""
"007203","fBiz00000436460000000324","福島県","郡山市","ディスカウントストアトライアル安積バイパス店","ディスカウントストアトライアルアサカバイパステン","⑪ 百貨店、総合スーパー","スーパー","福島県郡山市安積町荒井字大久保４８－１","",37.374498,140.347622,"024-937-1315","株式会社トライアルカンパニー","1290001009110","福岡県福岡市東区多の津一丁目12番2号","","","","","","","届出","",""
"007203","fBiz00000436460000000325","福島県","郡山市","トライアルマート喜久田店","トライアルマートキクタテン","⑪ 百貨店、総合スーパー","スーパー","福島県郡山市喜久田町堀之内字釜場西２－９","",37.458312,140.334313,"024-963-0074","株式会社トライアルカンパニー","1290001009110","福岡県福岡市東区多の津一丁目12番2号","","","","","","","届出","",""
"007203","fBiz00000436460000000351","福島県","郡山市","メガセンタートライアル郡山八山田店","メガセンタートライアルコオリヤマヤツヤマダテン","① 飲食店営業","スーパー","福島県郡山市富久山町八山田字土布池11番7","",37.427812,140.383918,"024-953-7441","株式会社トライアルカンパニー","1290001009110","福岡県福岡市東区多の津一丁目12番2号","1-142",2022/08/18,2022/08/18,2022/08/18,2029/07/31,"","許可","",""
"007203","fBiz00000436460000000351","福島県","郡山市","メガセンタートライアル郡山八山田店","メガセンタートライアルコオリヤマヤツヤマダテン","③ 食肉販売業","スーパー","福島県郡山市富久山町八山田字土布池11番7","",37.427812,140.383918,"024-953-7441","株式会社トライアルカンパニー","1290001009110","福岡県福岡市東区多の津一丁目12番2号","1-143",2022/08/18,2022/08/18,2022/08/18,2029/07/31,"","許可","",""
"007203","fBiz00000436460000000351","福島県","郡山市","メガセンタートライアル郡山八山田店","メガセンタートライアルコオリヤマヤツヤマダテン","④ 魚介類販売業","スーパー","福島県郡山市富久山町八山田字土布池11番7","",37.427812,140.383918,"024-953-7441","株式会社トライアルカンパニー","1290001009110","福岡県福岡市東区多の津一丁目12番2号","1-144",2022/08/18,2022/08/18,2022/08/18,2029/07/31,"","許可","",""
"007203","fBiz00000436460000000351","福島県","郡山市","メガセンタートライアル郡山八山田店","メガセンタートライアルコオリヤマヤツヤマダテン","⑪ 百貨店、総合スーパー","スーパー","福島県郡山市富久山町八山田土布池11番7","",37.427978,140.383907,"024-953-7441","株式会社トライアルカンパニー","1290001009110","福岡県福岡市東区多の津一丁目12番2号","","","","","","","届出","",""
"007203","fBiz00000436460000000352","福島県","郡山市","メガセンタートライアル郡山八山田店","メガセンタートライアルコオリヤマヤツヤマダテン","① 飲食店営業","スーパー","福島県郡山市富久山町八山田字土布池11番7","",37.427812,140.383918,"024-953-7441","株式会社トライアルカンパニー","1290001009110","福岡県福岡市東区多の津一丁目12番2号","1-141",2022/08/18,2022/08/18,2022/08/18,2029/07/31,"","許可","",""
"007203","fBiz00001880150000000003","福島県","郡山市","ピザーラ郡山中央店","ピザーラコオリヤマチュウオウテン","⑬ その他の食料・飲料販売業","","福島県郡山市堂前町31-8","",37.393430,140.381810,"024-931-5700","株式会社フォーシーズ","1010401049915","東京都港区南青山5-12-4","","","","","","","届出","",""
"007203","fBiz00000436460000000352","福島県","郡山市","メガセンタートライアル郡山八山田店","メガセンタートライアルコオリヤマヤツヤマダテン","⑪ 百貨店、総合スーパー","スーパー","福島県郡山市富久山町八山田土布池11番7","",37.427812,140.383918,"024-953-7441","株式会社トライアルカンパニー","1290001009110","福岡県福岡市東区多の津一丁目12番2号","","","","","","","届出","",""
"007203","fBiz00000436460000000396","福島県","郡山市","メガセンタートライアル郡山八山田店","メガセンタートライアルコオリヤマヤツヤマダテン","㉕ そうざい製造業","スーパー","福島県郡山市富久山町八山田字土布池11番7","",37.427812,140.383918,"024-953-7441","株式会社トライアルカンパニー","1290001009110","福岡県福岡市東区多の津一丁目12番2号","1-350",2023/02/02,2023/02/02,2023/02/02,2029/07/31,"","許可","",""
"007203","fBiz00000436460000000581","福島県","郡山市","メガセンタートライアル郡山八山田店","メガセンタートライアルコオリヤマヤツヤマダテン","㉛ 食品の小分け業","スーパー","福島県郡山市富久山町八山田字土布池11番7","",37.427812,140.383918,"024-953-7441","株式会社トライアルカンパニー","1290001009110","福岡県福岡市東区多の津一丁目12番2号","1-314",2023/12/05,2023/12/05,2023/12/05,2030/07/31,"","許可","",""
"007203","fBiz00000441620000000160","福島県","郡山市","デニーズ郡山富久山店","デニーズコオリヤマフクヤマテン","⑬ その他の食料・飲料販売業","レストラン","福島県郡山市八山田四丁目104","",37.429574,140.381850,"080-3459-2729","株式会社セブン＆アイ・フードシステムズ","2010001106058","東京都千代田区二番町８番地８","","","","","","","届出","",""
"007203","fBiz00000441620000000173","福島県","郡山市","デニーズレストラン郡山東口店","デニーズレストランコオリヤマヒガシグチテン","⑬ その他の食料・飲料販売業","ファミリーレストラン","福島県郡山市横塚二丁目5-2","",37.400136,140.396250,"080-3459-2459","株式会社セブン＆アイ・フードシステムズ","2010001106058","東京都千代田区二番町８番地８","","","","","","","届出","",""
"007203","fBiz00000441620000000300","福島県","郡山市","デニーズ郡山西ノ内店","デニーズコオリヤマニシノウチテン","⑬ その他の食料・飲料販売業","レストラン","福島県郡山市西ノ内二丁目18-8","",37.405911,140.362274,"080-3459-2081","株式会社セブン＆アイ・フードシステムズ","2010001106058","東京都千代田区二番町８番地８","","","","","","","届出","",""
"007203","fBiz00000459050000000003","福島県","郡山市","株式会社ファーマインド　郡山センター","カブシキカイシャファーマインド　コオリヤマセンター","⑦ 野菜果物販売業","","福島県郡山市大槻町字向原206番地 ","",37.372279,140.320461,"024-962-4411","","","","","","","","","","届出","",""
"007203","fBiz00000483250000000010","福島県","郡山市","日東イシダ株式会社　郡山営業所","ニットウイシダ　コオリヤマエイギョウショ","㉗ 器具、容器包装の製造・加工業（合成樹脂が使用された器具又は容器包装の製造、加工に限る。）","","福島県郡山市八山田五丁目１５","輝ビルＢ－１０１",37.425840,140.378965,"0249274621","日東イシダ株式会社","3370001003788","宮城県仙台市若林区卸町５丁目３番５号","","","","","","","届出","",""
"007203","fBiz00000491720000000002","福島県","郡山市","まいにちミルク","マイニチミルク","⑬ その他の食料・飲料販売業","","福島県郡山市小原田4-14-32","",37.379626,140.382464,"","株式会社　郡山南部佐藤新聞店","4380001009148","福島県郡山市小原田4-14-32","","","","","","","届出","",""
"007203","fBiz00000497960000000457","福島県","郡山市","クスリのアオキ桑野大島店","クスリノアオキクワノオオジマテン","⑪ 百貨店、総合スーパー","ドラッグストア","福島県郡山市桑野四丁目5番地の20","",37.408764,140.355274,"024-953-5415","株式会社クスリのアオキ","2220001008745","石川県白山市松本町２５１２番地","","","","","","","届出","",""
"007203","fBiz00000497960000001024","福島県","郡山市","クスリのアオキ磐城守山店","クスリノアオキイワキモリヤマテン","④ 魚介類販売業","ドラッグストア","福島県郡山市田村町守山字小性町139番地","",37.335015,140.410793,"024-983-0792","株式会社クスリのアオキ","2220001008745","石川県白山市松本町２５１２番地","1-376",2024/02/28,2024/02/28,2024/02/28,2030/11/30,"","許可","",""
"007203","fBiz00000497960000001024","福島県","郡山市","クスリのアオキ磐城守山店","クスリノアオキイワキモリヤマテン","⑪ 菓子製造業","ドラッグストア","福島県郡山市田村町守山字小性町139番地","",37.335015,140.410793,"024-983-0792","株式会社クスリのアオキ","2220001008745","石川県白山市松本町２５１２番地","1-377",2024/02/28,2024/02/28,2024/02/28,2030/11/30,"","許可","",""
"007203","fBiz00000497960000001024","福島県","郡山市","クスリのアオキ磐城守山店","クスリノアオキイワキモリヤマテン","㉕ そうざい製造業","ドラッグストア","福島県郡山市田村町守山字小性町139番地","",37.335015,140.410793,"024-983-0792","株式会社クスリのアオキ","2220001008745","石川県白山市松本町２５１２番地","1-378",2024/02/28,2024/02/28,2024/02/28,2030/11/30,"","許可","",""
"007203","fBiz00000499030000000001","福島県","郡山市","","","⑬ その他の食料・飲料販売業","","","","","","","","","","","","","","","","届出","",""
"007203","fBiz00000500860000000028","福島県","郡山市","サンドラッグ郡山並木店","サンドラッグコオリヤマナミキテン","⑪ 百貨店、総合スーパー","ドラッグストア","福島県郡山市並木3-2-17","",37.408351,140.361146,"024-954-9233","株式会社　サンドラッグ","1012401000634","東京都府中市若松町一丁目38番地の1","","","","","","","届出","",""
"007203","fBiz00000503420000000041","福島県","郡山市","","","⑬ その他の食料・飲料販売業","","","","","","","","","","","","","","","","届出","",""
"007203","fBiz00000510890000000154","福島県","郡山市","ヌードルツアーズ大槻店","ヌードルツアーズオオツキテン","⑫ 自動販売機による販売業（コップ式自動販売機（自動洗浄・屋内設置）及び営業許可の対象となる自動販売機を除く）","その他の食料・飲料販売業","福島県郡山市谷地本町64番地","",37.387898,140.332964,"","株式会社丸山製麺","3010701009360","東京都大田区上池台5-20-13","","","","","","","届出","",""
"007203","fBiz00000512470000000221","福島県","郡山市","","","① 飲食店営業","給食","","","","","","","","","2-155",2023/07/10,2023/07/10,2023/08/01,2030/07/31,"","許可","",""
"007203","fBiz00000516940000000001","福島県","郡山市","","","⑬ その他の食料・飲料販売業","","","","","","","","","","","","","","","","届出","",""
"007203","fBiz00000570610000000055","福島県","郡山市","カインズ大槻店","カインズオオツキテン","⑧ 米穀類販売業","","福島県郡山市中野１－３５","",37.391542,140.332115,"024-952-5333","","","","","","","","","","届出","",""
"007203","fBiz00000570610000000096","福島県","郡山市","カインズ郡山富田店","カインズコオリヤマトミタテン","⑧ 米穀類販売業","","福島県郡山市富田東四丁目20番地","",37.424194,140.368807,"024-935-3111","","","","","","","","","","届出","",""
"007203","fBiz00000581150000000783","福島県","郡山市","","","⑫ 自動販売機による販売業（コップ式自動販売機（自動洗浄・屋内設置）及び営業許可の対象となる自動販売機を除く）","","","","","","","","","","","","","","","","届出","",""
"007203","fBiz00000581150000000848","福島県","郡山市","","","⑫ 自動販売機による販売業（コップ式自動販売機（自動洗浄・屋内設置）及び営業許可の対象となる自動販売機を除く）","","","","","","","","","","","","","","","","届出","",""
"007203","fBiz00000581150000000849","福島県","郡山市","","","⑫ 自動販売機による販売業（コップ式自動販売機（自動洗浄・屋内設置）及び営業許可の対象となる自動販売機を除く）","","","","","","","","","","","","","","","","届出","",""
"007203","fBiz00000581150000000873","福島県","郡山市","","","⑫ 自動販売機による販売業（コップ式自動販売機（自動洗浄・屋内設置）及び営業許可の対象となる自動販売機を除く）","","","","","","","","","","","","","","","","届出","",""
"007203","fBiz00000581150000000894","福島県","郡山市","","","⑫ 自動販売機による販売業（コップ式自動販売機（自動洗浄・屋内設置）及び営業許可の対象となる自動販売機を除く）","","","","","","","","","","","","","","","","届出","",""
"007203","fBiz00000581150000000921","福島県","郡山市","","","⑫ 自動販売機による販売業（コップ式自動販売機（自動洗浄・屋内設置）及び営業許可の対象となる自動販売機を除く）","","","","","","","","","","","","","","","","届出","",""
"007203","fBiz00000581150000000927","福島県","郡山市","","","⑫ 自動販売機による販売業（コップ式自動販売機（自動洗浄・屋内設置）及び営業許可の対象となる自動販売機を除く）","","","","","","","","","","","","","","","","届出","",""
"007203","fBiz00000581150000000948","福島県","郡山市","","","⑫ 自動販売機による販売業（コップ式自動販売機（自動洗浄・屋内設置）及び営業許可の対象となる自動販売機を除く）","","","","","","","","","","","","","","","","届出","",""
"007203","fBiz00000581150000000982","福島県","郡山市","","","⑫ 自動販売機による販売業（コップ式自動販売機（自動洗浄・屋内設置）及び営業許可の対象となる自動販売機を除く）","","","","","","","","","","","","","","","","届出","",""
"007203","fBiz00000581150000000986","福島県","郡山市","","","⑫ 自動販売機による販売業（コップ式自動販売機（自動洗浄・屋内設置）及び営業許可の対象となる自動販売機を除く）","","","","","","","","","","","","","","","","届出","",""
"007203","fBiz00000581150000001060","福島県","郡山市","","","⑫ 自動販売機による販売業（コップ式自動販売機（自動洗浄・屋内設置）及び営業許可の対象となる自動販売機を除く）","","","","","","","","","","","","","","","","届出","",""
"007203","fBiz00000581150000001069","福島県","郡山市","","","⑫ 自動販売機による販売業（コップ式自動販売機（自動洗浄・屋内設置）及び営業許可の対象となる自動販売機を除く）","","","","","","","","","","","","","","","","届出","",""
"007203","fBiz00000581150000001139","福島県","郡山市","","","⑫ 自動販売機による販売業（コップ式自動販売機（自動洗浄・屋内設置）及び営業許可の対象となる自動販売機を除く）","","","","","","","","","","","","","","","","届出","",""
"007203","fBiz00000581150000001259","福島県","郡山市","","","⑫ 自動販売機による販売業（コップ式自動販売機（自動洗浄・屋内設置）及び営業許可の対象となる自動販売機を除く）","","","","","","","","","","","","","","","","届出","",""
"007203","fBiz00000581150000001267","福島県","郡山市","","","⑫ 自動販売機による販売業（コップ式自動販売機（自動洗浄・屋内設置）及び営業許可の対象となる自動販売機を除く）","","","","","","","","","","","","","","","","届出","",""
"007203","fBiz00000581150000001278","福島県","郡山市","","","⑫ 自動販売機による販売業（コップ式自動販売機（自動洗浄・屋内設置）及び営業許可の対象となる自動販売機を除く）","","","","","","","","","","","","","","","","届出","",""
"007203","fBiz00000581150000001300","福島県","郡山市","","","⑫ 自動販売機による販売業（コップ式自動販売機（自動洗浄・屋内設置）及び営業許可の対象となる自動販売機を除く）","","","","","","","","","","","","","","","","届出","",""
"007203","fBiz00000581150000001385","福島県","郡山市","","","⑫ 自動販売機による販売業（コップ式自動販売機（自動洗浄・屋内設置）及び営業許可の対象となる自動販売機を除く）","","","","","","","","","","","","","","","","届出","",""
"007203","fBiz00000581150000001428","福島県","郡山市","","","⑫ 自動販売機による販売業（コップ式自動販売機（自動洗浄・屋内設置）及び営業許可の対象となる自動販売機を除く）","","","","","","","","","","","","","","","","届出","",""
"007203","fBiz00000581150000001460","福島県","郡山市","","","⑫ 自動販売機による販売業（コップ式自動販売機（自動洗浄・屋内設置）及び営業許可の対象となる自動販売機を除く）","","","","","","","","","","","","","","","","届出","",""
"007203","fBiz00000581150000001466","福島県","郡山市","","","⑫ 自動販売機による販売業（コップ式自動販売機（自動洗浄・屋内設置）及び営業許可の対象となる自動販売機を除く）","","","","","","","","","","","","","","","","届出","",""
"007203","fBiz00000581150000001486","福島県","郡山市","","","⑫ 自動販売機による販売業（コップ式自動販売機（自動洗浄・屋内設置）及び営業許可の対象となる自動販売機を除く）","","","","","","","","","","","","","","","","届出","",""
"007203","fBiz00000581150000001499","福島県","郡山市","","","⑫ 自動販売機による販売業（コップ式自動販売機（自動洗浄・屋内設置）及び営業許可の対象となる自動販売機を除く）","","","","","","","","","","","","","","","","届出","",""
"007203","fBiz00000581150000001505","福島県","郡山市","","","⑫ 自動販売機による販売業（コップ式自動販売機（自動洗浄・屋内設置）及び営業許可の対象となる自動販売機を除く）","","","","","","","","","","","","","","","","届出","",""
"007203","fBiz00000581150000001618","福島県","郡山市","","","⑫ 自動販売機による販売業（コップ式自動販売機（自動洗浄・屋内設置）及び営業許可の対象となる自動販売機を除く）","","","","","","","","","","","","","","","","届出","",""
"007203","fBiz00000581150000001640","福島県","郡山市","","","⑫ 自動販売機による販売業（コップ式自動販売機（自動洗浄・屋内設置）及び営業許可の対象となる自動販売機を除く）","","","","","","","","","","","","","","","","届出","",""
"007203","fBiz00000581150000001671","福島県","郡山市","","","⑫ 自動販売機による販売業（コップ式自動販売機（自動洗浄・屋内設置）及び営業許可の対象となる自動販売機を除く）","","","","","","","","","","","","","","","","届出","",""
"007203","fBiz00000581150000001717","福島県","郡山市","","","⑫ 自動販売機による販売業（コップ式自動販売機（自動洗浄・屋内設置）及び営業許可の対象となる自動販売機を除く）","","","","","","","","","","","","","","","","届出","",""
"007203","fBiz00000581150000001752","福島県","郡山市","","","⑫ 自動販売機による販売業（コップ式自動販売機（自動洗浄・屋内設置）及び営業許可の対象となる自動販売機を除く）","","","","","","","","","","","","","","","","届出","",""
"007203","fBiz00000581150000001780","福島県","郡山市","","","⑫ 自動販売機による販売業（コップ式自動販売機（自動洗浄・屋内設置）及び営業許可の対象となる自動販売機を除く）","","","","","","","","","","","","","","","","届出","",""
"007203","fBiz00000581150000001781","福島県","郡山市","","","⑫ 自動販売機による販売業（コップ式自動販売機（自動洗浄・屋内設置）及び営業許可の対象となる自動販売機を除く）","","","","","","","","","","","","","","","","届出","",""
"007203","fBiz00000581150000001797","福島県","郡山市","","","⑫ 自動販売機による販売業（コップ式自動販売機（自動洗浄・屋内設置）及び営業許可の対象となる自動販売機を除く）","","","","","","","","","","","","","","","","届出","",""
"007203","fBiz00000581150000001816","福島県","郡山市","","","⑫ 自動販売機による販売業（コップ式自動販売機（自動洗浄・屋内設置）及び営業許可の対象となる自動販売機を除く）","","","","","","","","","","","","","","","","届出","",""
"007203","fBiz00000581150000001843","福島県","郡山市","","","⑫ 自動販売機による販売業（コップ式自動販売機（自動洗浄・屋内設置）及び営業許可の対象となる自動販売機を除く）","","","","","","","","","","","","","","","","届出","",""
"007203","fBiz00000581150000001854","福島県","郡山市","","","⑫ 自動販売機による販売業（コップ式自動販売機（自動洗浄・屋内設置）及び営業許可の対象となる自動販売機を除く）","","","","","","","","","","","","","","","","届出","",""
"007203","fBiz00000581150000001856","福島県","郡山市","","","⑫ 自動販売機による販売業（コップ式自動販売機（自動洗浄・屋内設置）及び営業許可の対象となる自動販売機を除く）","","","","","","","","","","","","","","","","届出","",""
"007203","fBiz00000581150000001893","福島県","郡山市","","","⑫ 自動販売機による販売業（コップ式自動販売機（自動洗浄・屋内設置）及び営業許可の対象となる自動販売機を除く）","","","","","","","","","","","","","","","","届出","",""
"007203","fBiz00000581150000001908","福島県","郡山市","","","⑫ 自動販売機による販売業（コップ式自動販売機（自動洗浄・屋内設置）及び営業許可の対象となる自動販売機を除く）","","","","","","","","","","","","","","","","届出","",""
"007203","fBiz00000581150000001942","福島県","郡山市","","","⑫ 自動販売機による販売業（コップ式自動販売機（自動洗浄・屋内設置）及び営業許可の対象となる自動販売機を除く）","","","","","","","","","","","","","","","","届出","",""
"007203","fBiz00000581150000001945","福島県","郡山市","","","⑫ 自動販売機による販売業（コップ式自動販売機（自動洗浄・屋内設置）及び営業許可の対象となる自動販売機を除く）","","","","","","","","","","","","","","","","届出","",""
"007203","fBiz00000581150000002014","福島県","郡山市","","","⑫ 自動販売機による販売業（コップ式自動販売機（自動洗浄・屋内設置）及び営業許可の対象となる自動販売機を除く）","","","","","","","","","","","","","","","","届出","",""
"007203","fBiz00000581150000002015","福島県","郡山市","","","⑫ 自動販売機による販売業（コップ式自動販売機（自動洗浄・屋内設置）及び営業許可の対象となる自動販売機を除く）","","","","","","","","","","","","","","","","届出","",""
"007203","fBiz00000581150000002065","福島県","郡山市","","","⑫ 自動販売機による販売業（コップ式自動販売機（自動洗浄・屋内設置）及び営業許可の対象となる自動販売機を除く）","","","","","","","","","","","","","","","","届出","",""
"007203","fBiz00000581150000002069","福島県","郡山市","","","⑫ 自動販売機による販売業（コップ式自動販売機（自動洗浄・屋内設置）及び営業許可の対象となる自動販売機を除く）","","","","","","","","","","","","","","","","届出","",""
"007203","fBiz00000581150000002113","福島県","郡山市","","","⑫ 自動販売機による販売業（コップ式自動販売機（自動洗浄・屋内設置）及び営業許可の対象となる自動販売機を除く）","","","","","","","","","","","","","","","","届出","",""
"007203","fBiz00000581150000002128","福島県","郡山市","","","⑫ 自動販売機による販売業（コップ式自動販売機（自動洗浄・屋内設置）及び営業許可の対象となる自動販売機を除く）","","","","","","","","","","","","","","","","届出","",""
"007203","fBiz00000581150000002135","福島県","郡山市","","","⑫ 自動販売機による販売業（コップ式自動販売機（自動洗浄・屋内設置）及び営業許可の対象となる自動販売機を除く）","","","","","","","","","","","","","","","","届出","",""
"007203","fBiz00000581150000002147","福島県","郡山市","","","⑫ 自動販売機による販売業（コップ式自動販売機（自動洗浄・屋内設置）及び営業許可の対象となる自動販売機を除く）","","","","","","","","","","","","","","","","届出","",""
"007203","fBiz00000581150000002148","福島県","郡山市","","","⑫ 自動販売機による販売業（コップ式自動販売機（自動洗浄・屋内設置）及び営業許可の対象となる自動販売機を除く）","","","","","","","","","","","","","","","","届出","",""
"007203","fBiz00000581150000002149","福島県","郡山市","","","⑫ 自動販売機による販売業（コップ式自動販売機（自動洗浄・屋内設置）及び営業許可の対象となる自動販売機を除く）","","","","","","","","","","","","","","","","届出","",""
"007203","fBiz00000581150000002190","福島県","郡山市","","","⑫ 自動販売機による販売業（コップ式自動販売機（自動洗浄・屋内設置）及び営業許可の対象となる自動販売機を除く）","","","","","","","","","","","","","","","","届出","",""
"007203","fBiz00000581150000002265","福島県","郡山市","","","⑫ 自動販売機による販売業（コップ式自動販売機（自動洗浄・屋内設置）及び営業許可の対象となる自動販売機を除く）","","","","","","","","","","","","","","","","届出","",""
"007203","fBiz00000581150000002267","福島県","郡山市","","","⑫ 自動販売機による販売業（コップ式自動販売機（自動洗浄・屋内設置）及び営業許可の対象となる自動販売機を除く）","","","","","","","","","","","","","","","","届出","",""
"007203","fBiz00000581150000002340","福島県","郡山市","","","⑫ 自動販売機による販売業（コップ式自動販売機（自動洗浄・屋内設置）及び営業許可の対象となる自動販売機を除く）","","","","","","","","","","","","","","","","届出","",""
"007203","fBiz00000581150000002347","福島県","郡山市","","","⑫ 自動販売機による販売業（コップ式自動販売機（自動洗浄・屋内設置）及び営業許可の対象となる自動販売機を除く）","","","","","","","","","","","","","","","","届出","",""
"007203","fBiz00000581150000002368","福島県","郡山市","","","⑫ 自動販売機による販売業（コップ式自動販売機（自動洗浄・屋内設置）及び営業許可の対象となる自動販売機を除く）","","","","","","","","","","","","","","","","届出","",""
"007203","fBiz00000581150000002418","福島県","郡山市","","","⑫ 自動販売機による販売業（コップ式自動販売機（自動洗浄・屋内設置）及び営業許可の対象となる自動販売機を除く）","","","","","","","","","","","","","","","","届出","",""
"007203","fBiz00000581150000002494","福島県","郡山市","","","⑫ 自動販売機による販売業（コップ式自動販売機（自動洗浄・屋内設置）及び営業許可の対象となる自動販売機を除く）","","","","","","","","","","","","","","","","届出","",""
"007203","fBiz00000581150000002505","福島県","郡山市","","","⑫ 自動販売機による販売業（コップ式自動販売機（自動洗浄・屋内設置）及び営業許可の対象となる自動販売機を除く）","","","","","","","","","","","","","","","","届出","",""
"007203","fBiz00000581150000002559","福島県","郡山市","","","⑫ 自動販売機による販売業（コップ式自動販売機（自動洗浄・屋内設置）及び営業許可の対象となる自動販売機を除く）","","","","","","","","","","","","","","","","届出","",""
"007203","fBiz00000581150000002561","福島県","郡山市","","","⑫ 自動販売機による販売業（コップ式自動販売機（自動洗浄・屋内設置）及び営業許可の対象となる自動販売機を除く）","","","","","","","","","","","","","","","","届出","",""
"007203","fBiz00000581150000002565","福島県","郡山市","","","⑫ 自動販売機による販売業（コップ式自動販売機（自動洗浄・屋内設置）及び営業許可の対象となる自動販売機を除く）","","","","","","","","","","","","","","","","届出","",""
"007203","fBiz00000581150000002573","福島県","郡山市","","","⑫ 自動販売機による販売業（コップ式自動販売機（自動洗浄・屋内設置）及び営業許可の対象となる自動販売機を除く）","","","","","","","","","","","","","","","","届出","",""
"007203","fBiz00000581150000002579","福島県","郡山市","","","⑫ 自動販売機による販売業（コップ式自動販売機（自動洗浄・屋内設置）及び営業許可の対象となる自動販売機を除く）","","","","","","","","","","","","","","","","届出","",""
"007203","fBiz00000581150000002777","福島県","郡山市","","","⑫ 自動販売機による販売業（コップ式自動販売機（自動洗浄・屋内設置）及び営業許可の対象となる自動販売機を除く）","","","","","","","","","","","","","","","","届出","",""
"007203","fBiz00000581150000002791","福島県","郡山市","","","⑫ 自動販売機による販売業（コップ式自動販売機（自動洗浄・屋内設置）及び営業許可の対象となる自動販売機を除く）","","","","","","","","","","","","","","","","届出","",""
"007203","fBiz00000581150000002842","福島県","郡山市","","","⑫ 自動販売機による販売業（コップ式自動販売機（自動洗浄・屋内設置）及び営業許可の対象となる自動販売機を除く）","","","","","","","","","","","","","","","","届出","",""
"007203","fBiz00000581150000002851","福島県","郡山市","","","⑫ 自動販売機による販売業（コップ式自動販売機（自動洗浄・屋内設置）及び営業許可の対象となる自動販売機を除く）","","","","","","","","","","","","","","","","届出","",""
"007203","fBiz00000581150000002877","福島県","郡山市","","","⑫ 自動販売機による販売業（コップ式自動販売機（自動洗浄・屋内設置）及び営業許可の対象となる自動販売機を除く）","","","","","","","","","","","","","","","","届出","",""
"007203","fBiz00000581150000002992","福島県","郡山市","","","⑫ 自動販売機による販売業（コップ式自動販売機（自動洗浄・屋内設置）及び営業許可の対象となる自動販売機を除く）","","","","","","","","","","","","","","","","届出","",""
"007203","fBiz00000581150000003006","福島県","郡山市","","","⑫ 自動販売機による販売業（コップ式自動販売機（自動洗浄・屋内設置）及び営業許可の対象となる自動販売機を除く）","","","","","","","","","","","","","","","","届出","",""
"007203","fBiz00000581150000003016","福島県","郡山市","","","⑫ 自動販売機による販売業（コップ式自動販売機（自動洗浄・屋内設置）及び営業許可の対象となる自動販売機を除く）","","","","","","","","","","","","","","","","届出","",""
"007203","fBiz00000581150000003079","福島県","郡山市","","","⑫ 自動販売機による販売業（コップ式自動販売機（自動洗浄・屋内設置）及び営業許可の対象となる自動販売機を除く）","","","","","","","","","","","","","","","","届出","",""
"007203","fBiz00000581150000003121","福島県","郡山市","","","⑫ 自動販売機による販売業（コップ式自動販売機（自動洗浄・屋内設置）及び営業許可の対象となる自動販売機を除く）","","","","","","","","","","","","","","","","届出","",""
"007203","fBiz00000581150000003179","福島県","郡山市","","","⑫ 自動販売機による販売業（コップ式自動販売機（自動洗浄・屋内設置）及び営業許可の対象となる自動販売機を除く）","","","","","","","","","","","","","","","","届出","",""
"007203","fBiz00000581150000003180","福島県","郡山市","","","⑫ 自動販売機による販売業（コップ式自動販売機（自動洗浄・屋内設置）及び営業許可の対象となる自動販売機を除く）","","","","","","","","","","","","","","","","届出","",""
"007203","fBiz00000581150000003189","福島県","郡山市","","","⑫ 自動販売機による販売業（コップ式自動販売機（自動洗浄・屋内設置）及び営業許可の対象となる自動販売機を除く）","","","","","","","","","","","","","","","","届出","",""
"007203","fBiz00000581150000003223","福島県","郡山市","","","⑫ 自動販売機による販売業（コップ式自動販売機（自動洗浄・屋内設置）及び営業許可の対象となる自動販売機を除く）","","","","","","","","","","","","","","","","届出","",""
"007203","fBiz00000612010000000111","福島県","郡山市","ラーメン山岡家郡山店","ラーメンヤマオカヤコオリヤマテン","⑬ その他の食料・飲料販売業","","福島県郡山市富田町字向作田11-1","",37.426040,140.344127,"024-983-6637","株式会社丸千代山岡家","9430001017223","北海道札幌市東区東雁来七条1丁目4-32","","","","","","","届出","",""
"007203","fBiz00000651790000000003","福島県","郡山市","","","⑬ その他の食料・飲料販売業","","","","","","","","","","","","","","","","届出","",""
"007203","fBiz00000661790000000429","福島県","郡山市","なか卯　郡山大町店","ナカウコオリヤマオオマチテン","⑬ その他の食料・飲料販売業","飲食店営業","福島県郡山市大町1-3-18　","SE大町ビル1F",37.398299,140.385034,"","株式会社なか卯","6010401089907","東京都港区港南二丁目１８番１号","","","","","","","届出","",""
"007203","fBiz00000678640000000002","福島県","郡山市","乃が美はなれ福島郡山店","ノガミハナレフクシマコオリヤマテン","⑬ その他の食料・飲料販売業","菓子製造業","福島県郡山市本町1-21-9","ハピネス本町1F",37.392194,140.385275,"024-953-3885","株式会社PIC","2011201015783","東京都港区新橋4-9-1 新橋プラザビル504","","","","","","","届出","",""
"007203","fBiz00000681790000000004","福島県","郡山市","","","㉗ 器具、容器包装の製造・加工業（合成樹脂が使用された器具又は容器包装の製造、加工に限る。）","","","","","","","","","","","","","","","","届出","",""
"007203","fBiz00000700270000000192","福島県","郡山市","開成山屋内水泳場","カイセイザンオクナイスイエイジョウ","⑫ 自動販売機による販売業（コップ式自動販売機（自動洗浄・屋内設置）及び営業許可の対象となる自動販売機を除く）","","福島県郡山市開成１丁目５番１２号","",37.396522,140.360666,"","株式会社ロッテ","1011101044248","東京都新宿区西新宿3-20-1","","","","","","","届出","",""
"007203","fBiz00000700270000000193","福島県","郡山市","郡山東郵便局１階売店","コオリヤマヒガシユウビンキョクイッカイバイテン","⑫ 自動販売機による販売業（コップ式自動販売機（自動洗浄・屋内設置）及び営業許可の対象となる自動販売機を除く）","","福島県郡山市富久山町福原字照内191","",37.429467,140.398847,"","株式会社ロッテ","1011101044248","東京都新宿区西新宿3-20-1","","","","","","","届出","",""
"007203","fBiz00000700270000000194","福島県","郡山市","スターホテル郡山","スターホテルコオリヤマ","⑫ 自動販売機による販売業（コップ式自動販売機（自動洗浄・屋内設置）及び営業許可の対象となる自動販売機を除く）","","福島県郡山市長者3-5-6","",37.399938,140.364088,"","株式会社ロッテ","1011101044248","東京都新宿区西新宿3-20-1","","","","","","","届出","",""
"007203","fBiz00000700270000000196","福島県","郡山市","オートバックス郡山南","オートバックスグンサンナン","⑫ 自動販売機による販売業（コップ式自動販売機（自動洗浄・屋内設置）及び営業許可の対象となる自動販売機を除く）","","福島県郡山市南２丁目５８番地","",37.367484,140.371809,"","株式会社ロッテ","1011101044248","東京都新宿区西新宿3-20-1","","","","","","","届出","",""
"007203","fBiz00000700270000000198","福島県","郡山市","ＪＲ郡山駅新幹線改札内","ジェイアールコオリヤマエキシンカンセンカイサツナイ","⑫ 自動販売機による販売業（コップ式自動販売機（自動洗浄・屋内設置）及び営業許可の対象となる自動販売機を除く）","","福島県郡山市燧田195","",37.398400,140.389324,"","株式会社ロッテ","1011101044248","東京都新宿区西新宿3-20-1","","","","","","","届出","",""
"007203","fBiz00000700270000000199","福島県","郡山市","マルハン郡山","マルハンコオリヤマ","⑫ 自動販売機による販売業（コップ式自動販売機（自動洗浄・屋内設置）及び営業許可の対象となる自動販売機を除く）","","福島県郡山市富久山町八山田字向作１２－１　１Ｆ","",37.428599,140.382863,"","株式会社ロッテ","1011101044248","東京都新宿区西新宿3-20-1","","","","","","","届出","",""
"007203","fBiz00000700270000000200","福島県","郡山市","ホテルバーデン","ホテルバーデン","⑫ 自動販売機による販売業（コップ式自動販売機（自動洗浄・屋内設置）及び営業許可の対象となる自動販売機を除く）","","福島県郡山市安積町成田字島の前２－３","",37.361053,140.341696,"","株式会社ロッテ","1011101044248","東京都新宿区西新宿3-20-1","","","","","","","届出","",""
"007203","fBiz00000700270000000201","福島県","郡山市","郡山スウィンスイミングスクール","コオリヤマスウィンスイミングスクール","⑫ 自動販売機による販売業（コップ式自動販売機（自動洗浄・屋内設置）及び営業許可の対象となる自動販売機を除く）","","福島県郡山市亀田１－３－８　１Ｆ","",37.402007,140.350526,"","株式会社ロッテ","1011101044248","東京都新宿区西新宿3-20-1","","","","","","","届出","",""
"007203","fBiz00000700270000000205","福島県","郡山市","郡山プレーボールスタジアム","コオリヤマプレーボールスタジアム","⑫ 自動販売機による販売業（コップ式自動販売機（自動洗浄・屋内設置）及び営業許可の対象となる自動販売機を除く）","","福島県郡山市堤1-11","",37.398833,140.340482,"","株式会社ロッテ","1011101044248","東京都新宿区西新宿3-20-1","","","","","","","届出","",""
"007203","fBiz00000700270000001457","福島県","郡山市","伊東園ホテル磐梯向滝","イトウエンホテルバンダイムカイタキ","⑫ 自動販売機による販売業（コップ式自動販売機（自動洗浄・屋内設置）及び営業許可の対象となる自動販売機を除く）","","福島県郡山市熱海町熱海5-295","",37.488941,140.261005,"","株式会社ロッテ","1011101044248","東京都新宿区西新宿3-20-1","","","","","","","届出","",""
"007203","fBiz00000709950000000051","福島県","郡山市","ロイヤルホストイオンタウン郡山店","ロイヤルホストイオンタウンコオリヤマテン","⑬ その他の食料・飲料販売業","飲食店営業","福島県郡山市松木町２-88","",37.390963,140.389364,"024-942-9660","ロイヤルフードサービス株式会社","8010901020897","東京都世田谷区桜新町１丁目３４番６号","","","","","","","届出","",""
"007203","fBiz00000733240000000001","福島県","郡山市","","","⑬ その他の食料・飲料販売業","新聞販売店","","","","","","","","","","","","","","","届出","",""
"007203","fBiz00000761560000000020","福島県","郡山市","","","① 飲食店営業","居酒屋","","","","","","","","","1-264",2021/10/29,2021/10/29,2021/10/29,2028/02/29,"","許可"," ",""
"007203","fBiz00000783120000000001","福島県","郡山市","","","⑬ その他の食料・飲料販売業","","","","","","","","","","","","","","","","届出","",""
"007203","fBiz00000783120000000002","福島県","郡山市","","","⑬ その他の食料・飲料販売業","","","","","","","","","","","","","","","","届出","",""
"007203","fBiz00000811240000000002","福島県","郡山市","福島交通株式会社　郡山売店","フクシマコウツウカブシキガイシャ　コオリヤマバイテン","⑬ その他の食料・飲料販売業","対面販売（企業内売店）","福島県郡山市向河原町2-23","",37.404047,140.391802,"024-944-7704","福島交通株式会社","9380001001389","福島県福島市東浜町7-8","","","","","","","届出","",""
"007203","fBiz00000817230000000003","福島県","郡山市","スズキアリーナ郡山西店　店内入口横","スズキアリーナコオリヤマニシテンテンナイイリグチ","⑫ 自動販売機による販売業（コップ式自動販売機（自動洗浄・屋内設置）及び営業許可の対象となる自動販売機を除く）","","福島県郡山市喜久田町松ケ作１７－２","",37.437474,140.339534,"024-963-1520","コカ・コーラボトラーズジャパン株式会社","9020001043244","東京都港区赤坂９ー７－１","","","","","","","届出","",""
"007203","fBiz00000817230000000004","福島県","郡山市","建デポ郡山桑野店１F入り口横カップ","ケンデポコオリヤマクワノテンイッカイイリグチカップ","⑤ コップ式自動販売機（自動洗浄・屋内設置）","","福島県郡山市桑野３丁目１７－３５","",37.406124,140.353506,"024-927-4221","コカ・コーラボトラーズジャパン株式会社","9020001043244","東京都港区赤坂９ー７－１","","","","","","","届出","",""
"007203","fBiz00000817230000000005","福島県","郡山市","日本生命中町ビル３F休憩室カップ","ニホンセイメイナカマチビルサンカイキュウケイシツカップ","⑤ コップ式自動販売機（自動洗浄・屋内設置）","","福島県郡山市中町５－１","",37.396574,140.382849,"","コカ・コーラボトラーズジャパン株式会社","9020001043244","東京都港区赤坂９ー７－１","","","","","","","届出","",""
"007203","fBiz00000817230000000006","福島県","郡山市","福島医療専門学校１F","フクシマイリョウセンモンガッコウ","⑤ コップ式自動販売機（自動洗浄・屋内設置）","","福島県郡山市並木３丁目２の２３","",37.409637,140.360586,"","コカ・コーラボトラーズジャパン株式会社","9020001043244","東京都港区赤坂９ー７－１","","","","","","","届出","",""
"007203","fBiz00000817230000000008","福島県","郡山市","京セラ郡山工場２F食堂カップ機","キョウセラコオリヤマコウジョウニカイショクドウカップキ","⑤ コップ式自動販売機（自動洗浄・屋内設置）","","福島県郡山市待池台２－１７","",37.447814,140.298447,"","コカ・コーラボトラーズジャパン株式会社","9020001043244","東京都港区赤坂９ー７－１","","","","","","","届出","",""
"007203","fBiz00000817230000000009","福島県","郡山市","ネクステージ郡山買取店　店内カップ","ネクステージコオリヤマカイトリテンテンナイカップ","⑤ コップ式自動販売機（自動洗浄・屋内設置）","","福島県郡山市福島県郡山市桑野１丁目２２−１４","",37.399108,140.353929,"","コカ・コーラボトラーズジャパン株式会社","9020001043244","東京都港区赤坂９ー７－１","","","","","","","届出","",""
"007203","fBiz00000817230000000010","福島県","郡山市","こおりやま女性泌尿器科クリニック１Fカップ","コオリヤマジョセイヒニョウキカクリニックイッカイカップ","⑤ コップ式自動販売機（自動洗浄・屋内設置）","","福島県郡山市富田東３丁目１９０－２","",37.425527,140.368653,"024-953-8017","コカ・コーラボトラーズジャパン株式会社","9020001043244","東京都港区赤坂９ー７－１","","","","","","","届出","",""
"007203","fBiz00000817230000000011","福島県","郡山市","トライアル郡山八山田店１F従業員休憩室カップ","トライイアルコオリヤマヤツヤマダテンイッカイジュウギョウインキュウケイシツカップ","⑤ コップ式自動販売機（自動洗浄・屋内設置）","","福島県郡山市富久山町八山田土布池11-7","",37.427978,140.383907,"024-991-7050","コカ・コーラボトラーズジャパン株式会社","9020001043244","東京都港区赤坂９ー７－１","","","","","","","届出","",""
"007203","fBiz00000817230000000012","福島県","郡山市","ホテルはまつ１階従業員用ジョージアカフェ","ホテルハマツイッカイジュウギョウインヨウジョージアカフェ","⑤ コップ式自動販売機（自動洗浄・屋内設置）","","福島県郡山市虎丸町３－１８","",37.399100,140.375688,"024-935-1111","コカ・コーラボトラーズジャパン株式会社","9020001043244","東京都港区赤坂９ー７－１","","","","","","","届出","",""
"007203","fBiz00000817230000000013","福島県","郡山市","スズキアリーナ郡山西店","スズキアリーナコオリヤマニシテン","⑤ コップ式自動販売機（自動洗浄・屋内設置）","","福島県郡山市喜久田町字松ケ作17-2","",37.437474,140.339534,"","コカ・コーラボトラーズジャパン株式会社","9020001043244","東京都港区赤坂９ー７－１","","","","","",2024/02/27,"届出(廃業)","",""
"007203","fBiz00000831200000000001","福島県","郡山市","業務スーパー郡山東店","ギョウムスーパーコオリヤマヒガシテン","⑦ 野菜果物販売業","","福島県郡山市芳賀1-9-16","",37.393629,140.398766,"0249410112","有限会社マルキ","3380002013827","福島県郡山市南2丁目184","","","","","","","届出","",""
"007203","fBiz00000831200000000005","福島県","郡山市","業務スーパー大槻店","ギョウムスーパーオオツキテン","⑦ 野菜果物販売業","","福島県郡山市大槻町字小山田前125-1","",37.403401,140.334915,"0249523055","有限会社マルキ","3380002013827","福島県郡山市南2丁目184","","","","","","","届出","",""
"007203","fBiz00000842980000000173","福島県","郡山市","株式会社西友　LIVIN郡山店","カブシキガイシャセイユウ　リヴィンコオリヤマテン","⑪ 百貨店、総合スーパー","","福島県郡山市長者1-1-56","",37.397293,140.370283,"024-933-0100","株式会社西友","8011503002037","東京都武蔵野市吉祥寺本町１丁目１２番１０号","","","","","","","届出","",""
"007203","fBiz00000849580000000002","福島県","郡山市","ウエルシア郡山開成店","ウエルシアコオリヤマカイセイテン","⑪ 百貨店、総合スーパー","ドラッグストア","福島県郡山市開成6-149-1","",37.387651,140.354879,"024-927-5837","ウエルシア薬局株式会社","3030001002411","東京都千代田区外神田2-2-15","","","","","","","届出","",""
"007203","fBiz00000849850000000001","福島県","郡山市","ウエルシア郡山桑野店","ウエルシアコオリヤマクワノテン","⑪ 百貨店、総合スーパー","ドラッグストア","福島県郡山市桑野4-6-2","",37.408569,140.353713,"024-925-6838","ウエルシア薬局株式会社","3030001002411","東京都千代田区外神田2-2-15","","","","","","","届出","",""
"007203","fBiz00000863340000000013","福島県","郡山市","ビックつばめ郡山店","ビックツバメコオリヤマテン","⑤ コップ式自動販売機（自動洗浄・屋内設置）","","福島県郡山市富久山町久保田字太郎殿前2-20","",37.407186,140.398041,"024-928-5732","","","","","","","","","","届出","",""
"007203","fBiz00000870570000000058","福島県","郡山市","THE　MALL郡山　iroHa","ザ・モールコオリヤマ　イロハ","⑬ その他の食料・飲料販売業","","福島県郡山市長者１丁目１−５６　１階　催事スペース　iroHa","",37.397913,140.370194,"","有限会社天平フーズ","3160002011398","滋賀県高島市新旭町太田775番地","","","","","","","届出","",""
"007203","fBiz00000870570000000069","福島県","郡山市","ショッピングモールフェスタ　iroHa","ショッピングモールフェスタ　イロハ","⑬ その他の食料・飲料販売業","","福島県郡山市日和田町小原１番地　ショッピングモールフェスタ1階中通り南側　iroHa","",37.444627,140.376319,"","有限会社天平フーズ","3160002011398","滋賀県高島市新旭町太田775番地","","","","","","","届出","",""
"007203","fBiz00000870570000000129","福島県","郡山市","有限会社天平フーズ　ピボット　郡山店","ピボット　コオリヤマテン","⑬ その他の食料・飲料販売業","","福島県郡山市字燧田195","ピボット催事スペース",37.398400,140.389324,"","有限会社天平フーズ","3160002011398","滋賀県高島市新旭町太田775番地","","","","","","","届出","",""
"007203","fBiz00000876230000000002","福島県","郡山市","","","㉕ 行商","食料・飲料販売業","","","","","","","","","","","","","","","届出","",""
"007203","fBiz00000916030000000140","福島県","郡山市","ココス　郡山桜木店","ココス　コオリヤマサクラギテン","⑬ その他の食料・飲料販売業","","福島県郡山市桜木2－2－3","",37.408235,140.369995,"050-3333-9182","株式会社ココスジャパン","9010401054189","東京都港区港南２丁目１８番１号","","","","","","","届出","",""
"007203","fBiz00000916030000000381","福島県","郡山市","レストラン　ココス郡山久留米店","レストラン　ココスコオリヤマクルメテン","⑬ その他の食料・飲料販売業","","福島県郡山市久留米3-125-1","",37.376372,140.356909,"050-3529-3877","株式会社ココスジャパン","9010401054189","東京都港区港南２丁目１８番１号","","","","","","","届出","",""
"007203","fBiz00000919470000000534","福島県","郡山市","","","① 魚介類販売業（包装済みの魚介類のみの販売）","","","","","","","","","","","","","","","","届出","",""
"007203","fBiz00000921790000000001","福島県","郡山市","有限会社　磯貝商店","ユウゲンカイシャ　イソガイショウテン","⑧ 米穀類販売業","","福島県郡山市湖南町福良字家老９４０８番地の１","",37.389312,140.090356,"0249832052","有限会社磯貝商店","2380002007805","福島県郡山市湖南町福良字家老９４０８番地の１","","","","","","","届出","",""
"007203","fBiz00000948080000000001","福島県","郡山市","ウエルシア郡山小原田店","ウエルシアコオリヤマコハラダテン","⑪ 百貨店、総合スーパー","ドラッグストア","福島県郡山市小原田３丁目3-14","",37.379846,140.385853,"0249563308","ウエルシア薬局株式会社","3030001002411","東京都千代田区外神田2-2-15","","","","","","","届出","",""
"007203","fBiz00000974700000000048","福島県","郡山市","ニューデイズミニ郡山3号","ニューデイズミニコオリヤマサンゴウ","⑩ コンビニエンスストア","","福島県郡山市燧田195","",37.398400,140.389324,"024-935-6375","株式会社ＪＲ東日本クロスステーション","3011101042662","東京都渋谷区千駄ヶ谷５丁目３３番８号","","","","","","","届出","",""
"007203","fBiz00000974700000000049","福島県","郡山市","ニューデイズミニ郡山8号","ニューデイズミニコオリヤマハチゴウ","⑩ コンビニエンスストア","","福島県郡山市燧田195","",37.398400,140.389324,"024-925-3008","株式会社ＪＲ東日本クロスステーション","3011101042662","東京都渋谷区千駄ヶ谷５丁目３３番８号","","","","","","","届出","",""
"007203","fBiz00000974700000000050","福島県","郡山市","ニューデイズ郡山エスパル","ニューデイズコオリヤマエスパル","⑩ コンビニエンスストア","","福島県郡山市燧田195","",37.398400,140.389324,"024-991-7551","株式会社ＪＲ東日本クロスステーション","3011101042662","東京都渋谷区千駄ヶ谷５丁目３３番８号","","","","","","","届出","",""
"007203","fBiz00000974700000000071","福島県","郡山市","ニューデイズキオスク郡山駅新幹線上りホーム","ニューデイズキオスクコオリヤマエキシンカンセンノボリホーム","⑩ コンビニエンスストア","コンビニエンスストア","福島県郡山市燧田195 郡山駅13番線ホーム","",37.398195,140.388129,"","株式会社ＪＲ東日本クロスステーション","3011101042662","東京都渋谷区千駄ヶ谷５丁目３３番８号","","","","","","","届出","",""
"007203","fBiz00000974700000000072","福島県","郡山市","ニューデイズキオスク郡山駅磐越西線ホーム","ニューデイズキオスクコオリヤマエキバンエツサイセンホーム","⑩ コンビニエンスストア","コンビニエンスストア","福島県郡山市燧田195 郡山駅1番線ホーム","",37.398195,140.388129,"","株式会社ＪＲ東日本クロスステーション","3011101042662","東京都渋谷区千駄ヶ谷５丁目３３番８号","","","","","","","届出","",""
"007203","fBiz00000979140000000001","福島県","郡山市","ウエルシア郡山長者店","ウエルシアコオリヤマチョウジャテン","⑪ 百貨店、総合スーパー","ドラッグストア","福島県郡山市長者1-6-20","",37.399206,140.366803,"024-927-1022","ウエルシア薬局株式会社","3030001002411","東京都千代田区外神田2-2-15","","","","","","","届出","",""
"007203","fBiz00001005330000000002","福島県","郡山市","ルピシアエスパル郡山店","ルピシアエスパルコオリヤマテン","⑬ その他の食料・飲料販売業","物販","福島県郡山市燧田195","エスパル郡山1F",37.398400,140.389324,"0249357600","","","","","","","","","","届出","",""
"007203","fBiz00001010560000000001","福島県","郡山市","モーニング桑野店","モーニングクワノテン","⑬ その他の食料・飲料販売業","","福島県郡山市桑野三丁目14-18","クローネイフ1F",37.405851,140.355370,"","株式会社モーニング","7380001006803","福島県郡山市菜根5丁目12-10","","","","","","","届出","",""
"007203","fBiz00001010560000000002","福島県","郡山市","モーニングLIVIN店","モーニングリヴィンテン","⑬ その他の食料・飲料販売業","","福島県郡山市長者1丁目1-56","ザ・モールLIVIN郡山店1F",37.397293,140.370283,"","株式会社モーニング","7380001006803","福島県郡山市菜根5丁目12-10","","","","","","","届出","",""
"007203","fBiz00001010560000000003","福島県","郡山市","モーニング菜根本店","モーニングサイコンホンテン","⑬ その他の食料・飲料販売業","","福島県郡山市菜根5丁目12-10","",37.384818,140.361024,"","株式会社モーニング","7380001006803","福島県郡山市菜根5丁目12-10","","","","","","","届出","",""
"007203","fBiz00001010560000000004","福島県","郡山市","モーニング安積店","モーニングアサカテン","⑬ その他の食料・飲料販売業","","福島県郡山市安積町長久保4丁目1-18","",37.357797,140.354050,"","株式会社モーニング","7380001006803","福島県郡山市菜根5丁目12-10","","","","","","","届出","",""
"007203","fBiz00001010560000000005","福島県","郡山市","モーニングうすい店","モーニングウスイテン","⑬ その他の食料・飲料販売業","","福島県郡山市中町13-1","うすい百貨店B1F",37.396585,140.384288,"","株式会社モーニング","7380001006803","福島県郡山市菜根5丁目12-10","","","","","","","届出","",""
"007203","fBiz00001064890000000054","福島県","郡山市","幸楽苑　富久山店","コウラクエン　フクヤマテン","⑬ その他の食料・飲料販売業","飲食店営業","福島県郡山市八山田7-98","",37.421242,140.384392,"024-927-1525","株式会社幸楽苑","4380001025558","福島県郡山市田村町金屋字川久保１番地１","","","","","","","届出","",""
"007203","fBiz00001064890000000080","福島県","郡山市","幸楽苑　コスモス通り店","コウラクエン　コスモスドオリテン","⑬ その他の食料・飲料販売業","飲食店営業","福島県郡山市谷地本町78番地","",37.387587,140.332896,"0249627715","株式会社幸楽苑","4380001025558","福島県郡山市田村町金屋字川久保１番地１","","","","","","","届出","",""
"007203","fBiz00001064890000000161","福島県","郡山市","幸楽苑富田店","コウラクエントミタテン","⑬ その他の食料・飲料販売業","飲食店営業","福島県郡山市備前舘2-122","",37.418423,140.359416,"0249919855","株式会社幸楽苑","4380001025558","福島県郡山市田村町金屋字川久保１番地１","","","","","","","届出","",""
"007203","fBiz00001064890000000174","福島県","郡山市","幸楽苑　金屋店","コウラクエン　カナヤテン","⑬ その他の食料・飲料販売業","","福島県郡山市田村町金屋字上川原284-36","",37.366487,140.391572,"024-941-1080","株式会社幸楽苑","4380001025558","福島県郡山市田村町金屋字川久保１番地１","","","","","","","届出","",""
"007203","fBiz00001064890000000176","福島県","郡山市","幸楽苑久留米店","コウラクエンクルメテン","⑬ その他の食料・飲料販売業","飲食店営業","福島県郡山市久留米3-119-1","",37.377273,140.356851,"0249470653","株式会社幸楽苑","4380001025558","福島県郡山市田村町金屋字川久保１番地１","","","","","","","届出","",""
"007203","fBiz00001064890000000288","福島県","郡山市","幸楽苑 栄町店","コウラクエン サカエマチテン","⑬ その他の食料・飲料販売業","飲食店営業","福島県郡山市栄町181-1","",37.387046,140.381042,"0249225303","株式会社幸楽苑","4380001025558","福島県郡山市田村町金屋字川久保１番地１","","","","","","","届出","",""
"007203","fBiz00001064890000000355","福島県","郡山市","幸楽苑　郡山駅東店","コウラクエンコオリヤマエキヒガシテン","⑬ その他の食料・飲料販売業","飲食店営業","福島県郡山市向河原町4-63","",37.401182,140.395888,"0249413911","株式会社幸楽苑","4380001025558","福島県郡山市田村町金屋字川久保１番地１","","","","","","","届出","",""
"007203","fBiz00001064890000000439","福島県","郡山市","幸楽苑　郡山インター店","コウラクエン　コオリヤマインターテン","⑬ その他の食料・飲料販売業","飲食店営業","福島県郡山市富田町字池の上29-1","",37.418671,140.343932,"024-962-0744","株式会社幸楽苑","4380001025558","福島県郡山市田村町金屋字川久保１番地１","","","","","","","届出","",""
"007203","fBiz00001064890000000510","福島県","郡山市","幸楽苑　安積店","コウラクエン　アサカテン","⑬ その他の食料・飲料販売業","飲食店営業","福島県郡山市安積1丁目171","",37.361740,140.368537,"0249374401","株式会社幸楽苑","4380001025558","福島県郡山市田村町金屋字川久保１番地１","","","","","","","届出","",""
"007203","fBiz00001073860000000001","福島県","郡山市","郡山営農経済センター","コオリヤマエイノウケイザイセンター","③ 乳類販売業","","福島県郡山市富田町愛宕前４６","",37.423387,140.345562,"0249510242","福島さくら農業協同組合","7380005005925","福島県郡山市朝日2丁目14-7","","","","","","","届出","",""
"007203","fBiz00001073860000000002","福島県","郡山市","富久山支店","フクヤマシテン","③ 乳類販売業","","福島県郡山市富久山町久保田字久保田２０１","",37.416128,140.390549,"0249321041","福島さくら農業協同組合","7380005005925","福島県郡山市朝日2丁目14-7","","","","","","","届出","",""
"007203","fBiz00001073860000000003","福島県","郡山市","湖南東総合支店","コナンヒガシソウゴウシテン","③ 乳類販売業","","福島県郡山市湖南町舟津字片貝堀３８４−１","",37.411210,140.127776,"0249822229","福島さくら農業協同組合","7380005005925","福島県郡山市朝日2丁目14-7","","","","","","","届出","",""
"007203","fBiz00001073860000000004","福島県","郡山市","熱海支店","アタミシテン","③ 乳類販売業","","福島県郡山市熱海町熱海二丁目１５−１","",37.480812,140.272181,"0249843532","福島さくら農業協同組合","7380005005925","福島県郡山市朝日2丁目14-7","","","","","","","届出","",""
"007203","fBiz00001081750000000002","福島県","郡山市","ギフトプラザ郡山店","ギフトプラザコオリヤマテン","⑬ その他の食料・飲料販売業","小売業","福島県郡山市東原1丁目1番地","",37.428763,140.355964,"024-933-9500","株式会社ギフトプラザ","6010001193794","福島県郡山市東原３丁目１８７番地","","","","","","","届出","",""
"007203","fBiz00001081750000000016","福島県","郡山市","ギフトプラザ安積店","ギフトプラザアサカテン","⑬ その他の食料・飲料販売業","","福島県郡山市安積荒井2丁目50番地","",37.367831,140.359352,"024-937-2880","株式会社ギフトプラザ","6010001193794","福島県郡山市東原３丁目１８７番地","","","","","","","届出","",""
"007203","fBiz00001105880000000065","福島県","郡山市","郡山臨時15号","コウリヤマジュウゴゴウ","⑬ その他の食料・飲料販売業","","福島県郡山市燧田１９５番地　郡山駅2階新幹線改札内","",37.398589,140.388625,"05036444628","株式会社ＪＲ東日本クロスステーション","3011101042662","東京都渋谷区千駄ヶ谷５丁目３３番８号","","","","","","","届出","",""
"007203","fBiz00001127710000000017","福島県","郡山市","郡山おみやげ館","コオリヤマオミヤゲカン","⑬ その他の食料・飲料販売業","","福島県郡山市燧田195","郡山駅構内1Fコンコース",37.398400,140.389324,"0249335556","株式会社　鐘崎","6370001002829","宮城県仙台市若林区鶴代町6-65","","","","","","","届出","",""
"007203","fBiz00001128170000000002","福島県","郡山市","株式会社髙岡屋郡山工場","カブシキガイシャタカオカヤコオリヤマコウジョウ","㉒ 海藻製造・加工業","包装加工業","福島県郡山市喜久田町字松ヶ作１７－４５","",37.438245,140.339069,"0249591075","株式会社髙岡屋","6010501007371","東京都台東区上野6丁目7番22号","","","","","","","届出","",""
"007203","fBiz00001148450000000120","福島県","郡山市","","","㉖ 集団給食施設","給食","","","","","","","","","","","","","","","届出","",""
"007203","fBiz00001159590000002792","福島県","郡山市","","","⑫ 自動販売機による販売業（コップ式自動販売機（自動洗浄・屋内設置）及び営業許可の対象となる自動販売機を除く）","","","","","","","","","","","","","","","","届出","",""
"007203","fBiz00001159590000002803","福島県","郡山市","","","⑫ 自動販売機による販売業（コップ式自動販売機（自動洗浄・屋内設置）及び営業許可の対象となる自動販売機を除く）","","","","","","","","","","","","","","","","届出","",""
"007203","fBiz00001159590000002804","福島県","郡山市","","","⑫ 自動販売機による販売業（コップ式自動販売機（自動洗浄・屋内設置）及び営業許可の対象となる自動販売機を除く）","","","","","","","","","","","","","","","","届出","",""
"007203","fBiz00001159590000002805","福島県","郡山市","","","⑫ 自動販売機による販売業（コップ式自動販売機（自動洗浄・屋内設置）及び営業許可の対象となる自動販売機を除く）","","","","","","","","","","","","","","","","届出","",""
"007203","fBiz00001159590000002806","福島県","郡山市","","","⑫ 自動販売機による販売業（コップ式自動販売機（自動洗浄・屋内設置）及び営業許可の対象となる自動販売機を除く）","","","","","","","","","","","","","","","","届出","",""
"007203","fBiz00001159590000002807","福島県","郡山市","","","⑫ 自動販売機による販売業（コップ式自動販売機（自動洗浄・屋内設置）及び営業許可の対象となる自動販売機を除く）","","","","","","","","","","","","","","","","届出","",""
"007203","fBiz00001183220000000009","福島県","郡山市","パステル　郡山モール店","パステル　コオリヤマモールテン","⑬ その他の食料・飲料販売業","","福島県郡山市長者1-1-56","ザ・モール郡山　2Ｆ",37.397293,140.370283,"024-935-2681","ゼビオ株式会社","1380001025412","福島県郡山市朝日三丁目7番35号","","","","","","","届出","",""
"007203","fBiz00001183220000000017","福島県","郡山市","パステル　郡山本店","パステル　コオリヤマホンテン","⑬ その他の食料・飲料販売業","","福島県郡山市東原1-2","",37.430722,140.354635,"024-925-0202","ゼビオ株式会社","1380001025412","福島県郡山市朝日三丁目7番35号","","","","","","","届出","",""
"007203","fBiz00001234590000000001","福島県","郡山市","有限会社うめもと","ユウゲンガイシャウメモト","⑧ 米穀類販売業","","福島県郡山市富久山町八山田字勝木沢58","",37.423063,140.385261,"024-922-6291","有限会社うめもと","2380002008068","福島県郡山市富久山町八山田字勝木沢82","","","","","","","届出","",""
"007203","fBiz00001249620000000007","福島県","郡山市","お食事処　旬屋郡山店","オショクジドコロ　トキヤコオリヤマテン","⑬ その他の食料・飲料販売業","","福島県郡山市八山田西五丁目130","",37.427054,140.369476,"","株式会社　恒成商事","1370601000229","宮城県多賀城市町前一丁目2番5号　3階","","","","","","","届出","",""
"007203","fBiz00001287220000000596","福島県","郡山市","㈱サイゼリヤ郡山新さくら通り店","カブサイゼリヤコオリヤマシンサクラドオリテン","⑬ その他の食料・飲料販売業","","福島県郡山市土瓜1-57","",37.399431,140.333616,"024-966-2916","株式会社サイゼリヤ","8030001065552","埼玉県吉川市旭2番地5","","","","","","","届出","",""
"007203","fBiz00001287220000000597","福島県","郡山市","サイゼリヤ郡山城清水店","サイゼリヤコオリヤマシロシミズテン","⑬ その他の食料・飲料販売業","","福島県郡山市城清水140-1","",37.377128,140.372733,"024-934-9731","株式会社サイゼリヤ","8030001065552","埼玉県吉川市旭2番地5","","","","","","","届出","",""
"007203","fBiz00001287220000000598","福島県","郡山市","サイゼリヤ郡山芳賀店","サイゼリヤコオリヤマハガテン","⑬ その他の食料・飲料販売業","","福島県郡山市芳賀1-34-1","",37.391451,140.399170,"024-941-5572","株式会社サイゼリヤ","8030001065552","埼玉県吉川市旭2番地5","","","","","","","届出","",""
"007203","fBiz00001287220000000600","福島県","郡山市","株式会社サイゼリヤ郡山エキナカ店","カブシキガイシャサイゼリヤコオリヤマエキナカテン","⑬ その他の食料・飲料販売業","","福島県郡山市燧田195","ｴｷﾅｶ2F",37.398400,140.389324,"024-927-5118","株式会社サイゼリヤ","8030001065552","埼玉県吉川市旭2番地5","","","","","","","届出","",""
"007203","fBiz00001287220000000601","福島県","郡山市","サイゼリヤイトーヨーカドー郡山店","サイゼリヤイトーヨーカドーコオリヤマテン","⑬ その他の食料・飲料販売業","","福島県郡山市西ノ内2-11-40","ｲﾄｰﾖｰｶﾄﾞｰ郡山4F",37.407628,140.364109,"024-927-0205","株式会社サイゼリヤ","8030001065552","埼玉県吉川市旭2番地5","","","","","","","届出","",""
"007203","fBiz00001290370000000001","福島県","郡山市","アベ食粉株式会社","アベショクフンカブシキガイシャ","⑳ 精穀・製粉業","","福島県郡山市富久山町福原字大師前6-9","",37.422533,140.403437,"024-939-6565","アベ食粉株式会社","1380001004498","福島県郡山市富久山町福原字大師前6-9","","","","","","","届出","",""
"007203","fBiz00001290610000000086","福島県","郡山市","ヴィ・ド・フランス郡山店","ヴィ・ド・フランスコオリヤマテン","⑬ その他の食料・飲料販売業","","福島県郡山市燧田195","ｴｽﾊﾟﾙ郡山1F",37.398400,140.389324,"024-923-5678","株式会社ヴィ・ド・フランス","3010001074766","東京都千代田区岩本町３丁目１０番１号","","","","","","","届出","",""
"007203","fBiz00001312570000000001","福島県","郡山市","ウエルシア郡山富田店","ウエルシアコオリヤマトミタテン","⑪ 百貨店、総合スーパー","ドラッグストア","福島県郡山市名郷田二丁目48番地","",37.419036,140.359603,"024-936-4051","ウエルシア薬局株式会社","3030001002411","東京都千代田区外神田2-2-15","","","","","","","届出","",""
"007203","fBiz00001325310000000002","福島県","郡山市","株式会社福島中央鶏卵市場　郡山事業所","カブシキガイシャフクシマチュウオウケイランイチバ　コオリヤマジギョウショ","⑬ その他の食料・飲料販売業","卵販売業、米穀類販売業","福島県郡山市大槻町字向原114","",37.370214,140.320932,"024-966-0180","株式会社福島中央鶏卵市場","4380001018198","福島県会津若松市一箕町鶴賀字船ヶ森東470","","","","","","","届出","",""
"007203","fBiz00001326310000000003","福島県","郡山市","","","⑬ その他の食料・飲料販売業","","","","","","","","","","","","","","","","届出","",""
"007203","fBiz00001339960000000003","福島県","郡山市","吉野家４９号線郡山安積店","ヨシノヤヨンジュウキュウゴウセンコオリヤマアサカテン","① 飲食店営業","牛丼店","福島県郡山市安積町日出山2丁目-154-1","",37.372348,140.381719,"0249414556","（株）北日本吉野家","5011501020101","東京都中央区日本橋箱崎町３６番２号","1-26",2022/04/26,2022/04/26,2022/04/26,2028/09/30,"","許可","",""
"007203","fBiz00001359400000000005","福島県","郡山市","無印良品ザ・モール郡山","ムジルシリョウヒンザ・モールコオリヤマ","⑬ その他の食料・飲料販売業","","福島県郡山市長者1-1-56","ザ・モール郡山2F",37.397293,140.370283,"0249265061","株式会社良品計画","5013301012443","東京都豊島区東池袋4丁目26-3","","","","","","","届出","",""
"007203","fBiz00001379530000000015","福島県","郡山市","柏屋本店","カシワヤホンテン","⑬ その他の食料・飲料販売業","菓子小売業","福島県郡山市中町１１－８","",37.397954,140.384990,"0249325580","株式会社　柏屋","2380001004836","福島県郡山市富久山町久保田字宮田１２７－５","","","","","","","届出","",""
"007203","fBiz00001379530000000016","福島県","郡山市","開成柏屋","カイセイカシワヤ","⑬ その他の食料・飲料販売業","菓子小売業","福島県郡山市朝日一丁目１３－５","",37.399816,140.362236,"0249225533","株式会社　柏屋","2380001004836","福島県郡山市富久山町久保田字宮田１２７－５","","","","","","","届出","",""
"007203","fBiz00001379530000000017","福島県","郡山市","八山田柏屋","ヤツヤマダカシワヤ","⑬ その他の食料・飲料販売業","菓子小売業","福島県郡山市八山田１丁目２５","",37.424786,140.376661,"0249835039","株式会社　柏屋","2380001004836","福島県郡山市富久山町久保田字宮田１２７－５","","","","","","","届出","",""
"007203","fBiz00001379530000000018","福島県","郡山市","静御前通り柏屋","シズカゴゼンドオリカシワヤ","⑬ その他の食料・飲料販売業","菓子小売業","福島県郡山市御前南１－６０","",37.385541,140.334742,"0249523200","株式会社　柏屋","2380001004836","福島県郡山市富久山町久保田字宮田１２７－５","","","","","","","届出","",""
"007203","fBiz00001379530000000019","福島県","郡山市","香久池柏屋","カグイケカシワヤ","⑬ その他の食料・飲料販売業","菓子小売業","福島県郡山市香久池２丁目２４２","",37.378825,140.371090,"0249914361","株式会社　柏屋","2380001004836","福島県郡山市富久山町久保田字宮田１２７－５","","","","","","","届出","",""
"007203","fBiz00001379530000000020","福島県","郡山市","郡山駅おみやげ館柏屋","コオリヤマエキオミヤゲカンカシワヤ","⑬ その他の食料・飲料販売業","菓子小売業","福島県郡山市燧田１９５","",37.398400,140.389324,"0249917660","株式会社　柏屋","2380001004836","福島県郡山市富久山町久保田字宮田１２７－５","","","","","","","届出","",""
"007203","fBiz00001396030000000001","福島県","郡山市","","","㉗ 器具、容器包装の製造・加工業（合成樹脂が使用された器具又は容器包装の製造、加工に限る。）","","","","","","","","","","","","","","","","届出","",""
"007203","fBiz00001435040000000002","福島県","郡山市","八山田どろんこ保育園","ヤツヤマダドロンコホイクエン","㉖ 集団給食施設","","福島県郡山市富田東4丁目90番","",37.424671,140.369451,"0249839801","社会福祉法人どろんこ会","8030005007229","東京都渋谷区渋谷１丁目２番５号","","","","","","","届出","",""
"007203","fBiz00001445140000000116","福島県","郡山市","松屋R郡山芳賀店","マツヤアールコオリヤマハガテン","① 飲食店営業","牛丼屋","福島県郡山市芳賀三丁目1-23","",37.389881,140.394307,"080-5928-0972","株式会社松屋フーズ","8012401033917","東京都武蔵野市中町一丁目14番5号","2-536",2023/02/16,2023/02/16,2023/03/01,2029/02/28,"","許可","",""
"007203","fBiz00001445140000000347","福島県","郡山市","松屋　郡山駅前店","マツヤ　コオリヤマエキマエテン","① 飲食店営業","牛丼屋","福島県郡山市駅前二丁目3-9","東京萬ビル1F",37.398198,140.387140,"080-5952-8456","株式会社松屋フーズ","8012401033917","東京都武蔵野市中町一丁目14番5号","2-356",2024/02/02,2024/02/02,2024/03/01,2030/02/28,"","許可","",""
"007203","fBiz00001457530000000001","福島県","郡山市","ウエルシア郡山駅東口店","ウエルシアコオリヤマエキヒガシグチテン","⑪ 百貨店、総合スーパー","ドラッグストアー","福島県郡山市谷島町6-18","",37.396235,140.395057,"024-941-2610","ウエルシア薬局株式会社","3030001002411","東京都千代田区外神田2-2-15","","","","","","","届出","",""
"007203","fBiz00001494190000000001","福島県","郡山市","Incotra Hirayama","インコントラ　ヒラヤマ","⑬ その他の食料・飲料販売業","","福島県郡山市赤木町11-20","",37.401598,140.381568,"","合同会社Ｉｎｃｏｎｔｒａ","9380003003276","福島県郡山市赤木町１１番２０号","","","","","","","届出","",""
"007203","fBiz00001495770000000001","福島県","郡山市","郡山どろんこ保育園","コオリヤマドロンコホイクエン","㉖ 集団給食施設","特定給食施設","福島県郡山市開成３丁目23-4","",37.395449,140.351220,"0249538368","社会福祉法人どろんこ会","8030005007229","東京都渋谷区渋谷１丁目２番５号","","","","","","","届出","",""
"007203","fBiz00001498620000000022","福島県","郡山市","1階中通りレディス売場前　京都古都果イオン郡山フェスタ店","イッカイナカドオリレディスウリバマエ　キョウトコトカイオンコオリヤマフェスタテン","⑬ その他の食料・飲料販売業","","福島県郡山市日和田町字小原1","イオン郡山フェスタ店",37.444729,140.376253,"024-968-0100","（有）ファッションプレス増渕","3060002007745","栃木県宇都宮市下栗町２３０４番３","","","","","","","届出","",""
"007203","fBiz00001512490000000001","福島県","郡山市","","","⑬ その他の食料・飲料販売業","","","","","","","","","","","","","","","","届出","",""
"007203","fBiz00001512490000000003","福島県","郡山市","","","⑬ その他の食料・飲料販売業","","","","","","","","","","","","","","","","届出","",""
"007203","fBiz00001512490000000004","福島県","郡山市","","","⑬ その他の食料・飲料販売業","","","","","","","","","","","","","","","","届出","",""
"007203","fBiz00001512490000000005","福島県","郡山市","","","⑬ その他の食料・飲料販売業","","","","","","","","","","","","","","","","届出","",""
"007203","fBiz00001512490000000006","福島県","郡山市","","","⑬ その他の食料・飲料販売業","","","","","","","","","","","","","","","","届出","",""
"007203","fBiz00001513410000000154","福島県","郡山市","すき家　4号郡山日和田店","スキヤ　ヨンゴウコオリヤマヒワダテン","⑬ その他の食料・飲料販売業","","福島県郡山市日和田町字原12-110","",37.440971,140.380149,"","株式会社すき家","2010401093920","東京都港区港南２丁目１８番１号","","","","","","","届出","",""
"007203","fBiz00001513410000000155","福島県","郡山市","すき家　郡山富久山店","スキヤ　コオリヤマフクヤマテン","⑬ その他の食料・飲料販売業","","福島県郡山市富久山町久保田字太郎殿前2-12","",37.407042,140.396992,"","株式会社すき家","2010401093920","東京都港区港南２丁目１８番１号","","","","","","","届出","",""
"007203","fBiz00001513410000000156","福島県","郡山市","すき家　郡山鳴神店","スキヤ　コオリヤマナルカミテン","⑬ その他の食料・飲料販売業","","福島県郡山市鳴神3丁目238","",37.391786,140.333275,"","株式会社すき家","2010401093920","東京都港区港南２丁目１８番１号","","","","","","","届出","",""
"007203","fBiz00001513410000000157","福島県","郡山市","すき家　49号郡山IC店","スキヤ　ヨンジュウキュウゴウコオリヤマインターチャエンジテン","⑬ その他の食料・飲料販売業","","福島県郡山市富田町字池ノ上36-1","",37.424248,140.343593,"","株式会社すき家","2010401093920","東京都港区港南２丁目１８番１号","","","","","","","届出","",""
"007203","fBiz00001513410000000158","福島県","郡山市","すき家　ザ・モール郡山店","スキヤ　ザ・モールコオリヤマテン","⑬ その他の食料・飲料販売業","","福島県郡山市長者1丁目1-56","ザ・モール郡山店1階フードコート内",37.400477,140.359682,"","株式会社すき家","2010401093920","東京都港区港南２丁目１８番１号","","","","","","","届出","",""
"007203","fBiz00001513410000000159","福島県","郡山市","すき家　49号郡山菜根店","スキヤ　ヨンジュウキュウゴウコオリヤマサイコンテン","⑬ その他の食料・飲料販売業","","福島県郡山市字菜根屋敷59-22","",37.383766,140.360507,"","株式会社すき家","2010401093920","東京都港区港南２丁目１８番１号","","","","","","","届出","",""
"007203","fBiz00001513410000000160","福島県","郡山市","すき家　4号郡山安積店","スキヤ　ヨンゴウコオリヤマアサカテン","⑬ その他の食料・飲料販売業","","福島県郡山市安積3丁目43","",37.355046,140.364815,"","株式会社すき家","2010401093920","東京都港区港南２丁目１８番１号","","","","","","","届出","",""
"007203","fBiz00001540270000000001","福島県","郡山市","宮川包装資材倉庫","ミヤカワホウシザイソウコ","㉗ 器具、容器包装の製造・加工業（合成樹脂が使用された器具又は容器包装の製造、加工に限る。）","","福島県郡山市字下亀田１３－３","",37.409580,140.349411,"","宮川包装資材株式会社","9380001029595","福島県郡山市字下亀田１０－２","","","","","","","届出","",""
"007203","fBiz00001568950000000009","福島県","郡山市","ミスタードーナツイオンタウン郡山ショップ","ミスタードーナツイオンタウンコオリヤマショップ","⑬ その他の食料・飲料販売業","","福島県郡山市松木町2番88号","",37.390844,140.390414,"0249439977","株式会社　松屋","7380001001639","福島県福島市飯坂町字銀杏1-13","","","","","","","届出","",""
"007203","fBiz00001568950000000010","福島県","郡山市","ミスタードーナツ郡山駅前ショップ","ミスタードーナツコオリヤマエキマエショップ","⑬ その他の食料・飲料販売業","","福島県郡山市駅前２－３－８","エリート３９ビル１階",37.398297,140.387176,"0249225751","株式会社　松屋","7380001001639","福島県福島市飯坂町字銀杏1-13","","","","","","","届出","",""
"007203","fBiz00001568950000000011","福島県","郡山市","ミスタードーナツ郡山西ノ内ショップ","ミスタードーナツコオリヤマニシノウチショップ","⑬ その他の食料・飲料販売業","","福島県郡山市西ノ内2丁目１１－４０","",37.407628,140.364109,"","株式会社　松屋","7380001001639","福島県福島市飯坂町字銀杏1-13","","","","","","","届出","",""
"007203","fBiz00001568950000000012","福島県","郡山市","ミスタードーナツ郡山フェスタショップ","ミスタードーナツコオリヤマフェスタショップ","⑬ その他の食料・飲料販売業","","福島県郡山市日和田町字小原１","",37.444729,140.376253,"0249680430","株式会社　松屋","7380001001639","福島県福島市飯坂町字銀杏1-13","","","","","","","届出","",""
"007203","fBiz00001622220000000001","福島県","郡山市","株式会社郡山銘販","カブシキガイシャコオリヤマメイハン ","⑨ 通信販売・訪問販売による販売業","観光土産品卸販売業","福島県郡山市安積町荒井字大久保４５番１","",37.374907,140.347543,"","株式会社郡山銘販","7380001005747","福島県郡山市安積町荒井字大久保４５番１","","","","","","","届出","",""
"007203","fBiz00001622220000000001","福島県","郡山市","株式会社郡山銘販","カブシキガイシャコオリヤマメイハン ","⑬ その他の食料・飲料販売業","観光土産品卸販売業","福島県郡山市安積町荒井字大久保４５番１","",37.374907,140.347543,"","株式会社郡山銘販","7380001005747","福島県郡山市安積町荒井字大久保４５番１","","","","","","","届出","",""
"007203","fBiz00001647580000000001","福島県","郡山市","","","⑬ その他の食料・飲料販売業","","","","","","","","","","","","","","","","届出","",""
"007203","fBiz00001665810000000003","福島県","郡山市","","","㉗ 器具、容器包装の製造・加工業（合成樹脂が使用された器具又は容器包装の製造、加工に限る。）","","","","","","","","","","","","","","","","届出","",""
"007203","fBiz00001730610000000001","福島県","郡山市","","","⑬ その他の食料・飲料販売業","小分け　販売","","","","","","","","","","","","","","","届出","",""
"007203","fBiz00001730610000000002","福島県","郡山市","","","⑬ その他の食料・飲料販売業","小分け　販売","","","","","","","","","","","","","","","届出","",""
"007203","fBiz00001849630000000006","福島県","郡山市","BAGEL&BAGEL","ベーグルアンドベーグル","⑬ その他の食料・飲料販売業","","福島県郡山市日和田町小原１番地","ショッピングモールフェスタ",37.444729,140.376253,"","株式会社Ｎ－ＢＡＳＥ","4110001034123","新潟県新潟市中央区女池７丁目１番６号","","","","","","","届出","",""
"007203","fBiz00001849630000000008","福島県","郡山市","スイーツマルシェ","スイーツマルシェ","⑬ その他の食料・飲料販売業","","福島県郡山市燧田195","エスパル郡山",37.398400,140.389324,"","株式会社Ｎ－ＢＡＳＥ","4110001034123","新潟県新潟市中央区女池７丁目１番６号","","","","","","","届出","",""
"007203","fBiz00001880150000000002","福島県","郡山市","ピザーラ　ビバパエリア郡山店","ピザーラ　ビバパエリアコオリヤマテン","⑬ その他の食料・飲料販売業","","福島県郡山市富田町字坦ノ腰58-1","",37.424804,140.347207,"024-952-5335","株式会社フォーシーズ","1010401049915","東京都港区南青山5-12-4","","","","","","","届出","",""
"007203","fBiz00001977410000000002","福島県","郡山市","イーストビレッジロースターズ","イーストビレッジロースターズ","⑯ コーヒー製造・加工業（飲料の製造を除く。）","","福島県郡山市富久山町福原字陣場33-2","",37.416482,140.408805,"","穂積聖治","","福島県郡山市富久山町福原字陣場２１７－３３カーサ・ソレアード６ー１０２","","","","","","","届出","",""
"007203","fBiz00002026740000000008","福島県","郡山市","8STARS-SWEETS","エイトスタースイーツ","㉕ 行商","","福島県郡山市備前舘2-8-1","LJガレージJ3",37.415787,140.361692,"","合同会社Ｋ－ＰＬＵＳ","5180003022011","愛知県名古屋市天白区植田山３丁目１００１番地の１","","","","","","","届出","",""
"007203","fBiz00002064650000000004","福島県","郡山市","","","㉔ その他の食料品製造・加工業","自動車による営業","","","","","","","","","","","","","","","届出","",""
"007203","fBiz00002191510000000002","福島県","郡山市","ビバホーム大槻店","ビバホームオオツキテン","㉙ その他","小売量販店（ホームセンター）","福島県郡山市大槻町字林ノ北25－1","",37.385471,140.350159,"024-934-1440","株式会社ビバホーム","2030001041872","埼玉県さいたま市浦和区上木崎1丁目13番1号","","","","","","","届出","",""
"007203","fBiz00002205970000000014","福島県","郡山市","服部コーヒーフーズ㈱郡山支店","ハットリコーヒーフーズカブシキカイシャコオリヤマシテン","⑬ その他の食料・飲料販売業","食品詰合せ　食品梱包出荷","福島県郡山市安積町日出山2丁目32","",37.374794,140.385044,"024-942-4800","服部コーヒーフーズ株式会社","8370001009797","宮城県仙台市青葉区本町1-3-21","","","","","","","届出","",""
"007203","fBiz00002269780000000003","福島県","郡山市","福来雀あずき宿福島郡山店","フクライスズメアズキヤドフクシマコオリヤマテン","⑬ その他の食料・飲料販売業","","福島県郡山市八山田5丁目13","メインビルB棟",37.425844,140.379565,"","土屋忠広","","山形県山形市印役町二丁目１－７","","","","","","","届出","",""
"007203","fBiz00002429340000000014","福島県","郡山市","ホルモン直売所","ホルモンチョクバイジョ","② 食肉販売業（包装済みの食肉のみの販売）","食肉販売","福島県郡山市大槻町字新池下２-２","",37.397438,140.317809,"09027917777","合同会社藤","4370003001913","岩手県一関市山目字館６４番地１２３","","","","","","","届出","",""
"007203","fBiz00002429340000000025","福島県","郡山市","ホルモン直売所","ホルモンチョクバイジョ","② 食肉販売業（包装済みの食肉のみの販売）","食肉販売","福島県郡山市細沼町８-２８","",37.397604,140.377277,"","合同会社藤","4370003001913","岩手県一関市山目字館６４番地１２３","","","","","","","届出","",""
"007203","fBiz00002548500000000001","福島県","郡山市","並木温泉ゆの郷","ナミキオンセン　ユノサト","⑤ コップ式自動販売機（自動洗浄・屋内設置）","","福島県郡山市並木3丁目5-14","",37.408728,140.358529,"","コカ･コーラボトラーズジャパン株式会社","9020001043244","東京都港区赤坂九丁目７－１　ミッドタウン・タワー１１階","","","","","","","届出","",""
"007203","fBiz00002548500000000002","福島県","郡山市","尚志高等学校 C棟1F内","ショウシコウトウガッコウ","⑤ コップ式自動販売機（自動洗浄・屋内設置）","","福島県郡山市大槻町坦ノ腰2","",37.380503,140.310515,"","コカ･コーラボトラーズジャパン株式会社","9020001043244","東京都港区赤坂九丁目７－１　ミッドタウン・タワー１１階","","","","","","","届出","",""
"007203","fBiz00002548500000000005","福島県","郡山市","","","⑤ コップ式自動販売機（自動洗浄・屋内設置）","","","","","","","","","","","","","","","","届出","",""
"007203","fBiz00002755850000000007","福島県","郡山市","ドラッグストアマツモトキヨシ郡山御前南店","ドラッグストアマツモトキヨシコオリヤマゴゼンミナミテン","⑪ 百貨店、総合スーパー","","福島県郡山市御前南２丁目２８番地","",37.381884,140.332343,"","株式会社マツモトキヨシ東日本販売","3370001014892","宮城県仙台市青葉区中央２－２－２４仙台MKDビル３階","","","","","","","届出","",""
"007203","fBiz00002755850000000017","福島県","郡山市","ドラッグストアマツモトキヨシ郡山下亀田店","ドラッグストアマツモトキヨシコオリヤマシモカメダテン","⑬ その他の食料・飲料販売業","","福島県郡山市下亀田6-16","",37.409761,140.348828,"","株式会社マツモトキヨシ東日本販売","3370001014892","宮城県仙台市青葉区中央２－２－２４仙台MKDビル３階","","","","","","","届出","",""
"007203","fBiz00002804400000000008","福島県","郡山市","サトー商会　郡山桑野店","サトーショウカイ　コオリヤマクワノテン","⑪ 百貨店、総合スーパー","スーパー","福島県郡山市桑野五丁目2番2号","",37.409376,140.353060,"024-931-7151","株式会社サトー商会","7370001005153","宮城県仙台市宮城野区扇町五丁目6番22号","","","","","","","届出","",""
"007203","fBiz00002804400000000009","福島県","郡山市","サトー商会　郡山安積店","サトーショウカイ　コオリヤマアサカテン","⑪ 百貨店、総合スーパー","スーパー","福島県郡山市安積荒井二丁目3番地","",37.374912,140.361430,"024-947-8611","株式会社サトー商会","7370001005153","宮城県仙台市宮城野区扇町五丁目6番22号","","","","","","","届出","",""
"007203","fBiz00002855250000000002","福島県","郡山市","コンパスウォークArigato","コンパスウォークアリガト","㉖ 集団給食施設","介護施設","福島県郡山市安積4丁目33","",37.354026,140.364284,"0249838673","夢成株式会社","7380001014896","福島県郡山市横塚２丁目１番６号","","","","","","","届出","",""
"007203","fBiz00002900510000000002","福島県","郡山市","大和屋　郡山安積店","ヤマトヤ　コオリヤマアサカテン","⑯ コーヒー製造・加工業（飲料の製造を除く。）","","福島県郡山市安積荒井三丁目21番地","",37.369469,140.359789,"024-926-0901","藤田和真","","福島県郡山市台新一丁目３３番２０号　モアステージＢ１０５号","","","","","","","届出","",""
"007203","fBiz00002967080000000001","福島県","郡山市","","","⑯ コーヒー製造・加工業（飲料の製造を除く。）","無店舗販売","","","","","","","","","","","","","","","届出","",""
"007203","fBiz00003058450000000025","福島県","郡山市","","","⑬ その他の食料・飲料販売業","","","","","","","","","","","","","","","","届出","",""
"007203","fBiz00003216890000000002","福島県","郡山市","","","⑯ コーヒー製造・加工業（飲料の製造を除く。）","","","","","","","","","","","","","","","","届出","",""
"007203","fBiz00003226460000000009","福島県","郡山市","極楽湯郡山店　男性脱衣所","ゴクラクユコオリヤマテン　ダンセイダツイジョ　","⑫ 自動販売機による販売業（コップ式自動販売機（自動洗浄・屋内設置）及び営業許可の対象となる自動販売機を除く）","","福島県郡山市八山田西五丁目-130","",37.427119,140.369518,"","株式会社ヘルセ","9011101043151","東京都新宿区住吉町2-10　ソフィアＭ　201","","","","","","","届出","",""
"007203","fBiz00003226460000000010","福島県","郡山市","極楽湯郡山店　女性脱衣所","ゴクラクユコオリヤマテン　ジョセイダツイジョ　","⑫ 自動販売機による販売業（コップ式自動販売機（自動洗浄・屋内設置）及び営業許可の対象となる自動販売機を除く）","","福島県郡山市八山田西五丁目-130","",37.427119,140.369518,"","株式会社ヘルセ","9011101043151","東京都新宿区住吉町2-10　ソフィアＭ　201","","","","","","","届出","",""
"007203","fBiz00003316650000000001","福島県","郡山市","無印良品ヨークタウン郡山桑野","ムジルシリョウヒンヨークタウンコオリヤマクワノ","⑬ その他の食料・飲料販売業","","福島県郡山市桑野4丁目３－４","ヨークベニマル桑野２F",37.407745,140.355441,"","株式会社良品計画","5013301012443","東京都豊島区東池袋4丁目26-3","","","","","","","届出","",""
"007203","fBiz00003345680000000011","福島県","郡山市","廻転ずし　とっぴ～郡山安積店","カイテンズシトッピーコオリヤマアサカテン","① 飲食店営業","","福島県郡山市巳六段208番地","",37.372145,140.353825,"024-937-1161","ＨＩＲ株式会社","4430001060525","北海道札幌市中央区北五条西１７丁目４番４号第５８藤栄ビル","2-355",2022/09/01,2022/09/01,2022/10/01,2029/09/30,"","許可","飲食店営業",""
"007203","fBiz00003413270000000009","福島県","郡山市","茶屋　gingin","チャヤ　ギンギン","⑬ その他の食料・飲料販売業","","","","","","","","","","","","","","","","届出","",""
"007203","fBiz00003414900000000001","福島県","郡山市","LOGGERS Gear Supply","ロガーズギアサプライ","⑬ その他の食料・飲料販売業","","福島県郡山市田村町徳定字下河原57","",37.362278,140.383954,"","株式会社森林ガイド","8380001026817","福島県郡山市田村町徳定字下河原59","","","","","","","届出","",""
"007203","fBiz00003484900000000136","福島県","郡山市","ファンケル　エスパル郡山店","ファンケル　エスパルコオリヤマテン","⑬ その他の食料・飲料販売業","","福島県郡山市燧田195  ","エスパル郡山2F",37.398400,140.389324,"","","","","","","","","","","届出","",""
"007203","fBiz00003496750000000003","福島県","郡山市","楪園芸株式会社","ユズリハエンゲイカブシキガイシャ","⑦ 野菜果物販売業","農業","福島県郡山市田村町川曲字宮田９－１","",37.329518,140.491327,"0249752680","楪園芸株式会社","7380001027790","福島県郡山市田村町川曲字牛骨５０番地","","","","","","","届出","",""
"007203","fBiz00003496750000000003","福島県","郡山市","楪園芸株式会社","ユズリハエンゲイカブシキガイシャ","⑰ 農産保存食料品製造・加工業","農業","福島県郡山市田村町川曲字宮田９－１","",37.329518,140.491327,"0249752680","楪園芸株式会社","7380001027790","福島県郡山市田村町川曲字牛骨５０番地","","","","","","","届出","",""
"007203","fBiz00003568090000000002","福島県","郡山市","","","⑬ その他の食料・飲料販売業","営業許可を受けた施設で製造された個包装されたパンの販売","","","","","","","","","","","","","","","届出","",""
"007203","fBiz00003765060000000006","福島県","郡山市","","","⑫ 自動販売機による販売業（コップ式自動販売機（自動洗浄・屋内設置）及び営業許可の対象となる自動販売機を除く）","","","","","","","","","","","","","","","","届出","",""
"007203","fBiz00004068560000000055","福島県","郡山市","","","⑬ その他の食料・飲料販売業","ドラッグストア","","","","","","","","","","","","","","","届出","",""
"007203","fBiz00004068560000000093","福島県","郡山市","","","⑬ その他の食料・飲料販売業","ドラッグストア","","","","","","","","","","","","","","","届出","",""
"007203","fBiz00004068560000000100","福島県","郡山市","","","⑬ その他の食料・飲料販売業","ドラッグストア","","","","","","","","","","","","","","","届出","",""
"007203","fBiz00004234320000000002","福島県","郡山市","","","⑬ その他の食料・飲料販売業","","","","","","","","","","","","","","","","届出","",""
"007203","fBiz00004247950000000009","福島県","郡山市","","","② 食肉販売業（包装済みの食肉のみの販売）","","","","","","","","","","","","","","","","届出","",""
"007203","fBiz00004310340000000001","福島県","郡山市","ウエルシア郡山朝日2丁目店","ウエルシアコオリヤマアサヒニチョウメテン","⑪ 百貨店、総合スーパー","ドラッグストア","福島県郡山市朝日二丁目5番16号","",37.405838,140.361680,"024-973-7207","ウエルシア薬局株式会社","3030001002411","東京都千代田区外神田二丁目2番15号","","","","","","","届出","",""
"007203","fBiz00004366300000000071","福島県","郡山市","ステーキ宮　郡山富田店","ステーキミヤ　コオリヤマトミタテン","⑬ その他の食料・飲料販売業","","福島県郡山市富田町字下赤沼12-1","",37.423521,140.351368,"024-953-8386","株式会社アトム","3180001058182","神奈川県横浜市西区みなとみらい二丁目2-1","","","","","","","届出","",""
"007203","fBiz00004366300000000072","福島県","郡山市","ステーキ宮　郡山コスモス通り店","ステーキミヤ　コオリヤマコスモスドオリテン","⑬ その他の食料・飲料販売業","","福島県郡山市谷地本町70","",37.388584,140.332339,"024-951-7010","株式会社アトム","3180001058182","神奈川県横浜市西区みなとみらい二丁目2-1","","","","","","","届出","",""
